<?xml version="1.0"?>
<LightningComponentBundle xmlns="http://soap.sforce.com/2006/04/metadata">
	<apiVersion>60.0</apiVersion>
	<isExposed>true</isExposed>
	<targets>
		<target>lightning__FlowScreen</target>
	</targets>
	<targetConfigs>
		<targetConfig targets="lightning__FlowScreen">
			<property name="title" type="String" label="Enter Title"/>
			<property name="mode" type="String" label="Enter Mode" />
			<property name="variant" type="String" label="Enter Varient"/>
			<property name="toastMessage" type="String" label="Enter Toast Message"/>
			<property name="recordId" type="String" label="Enter Record Id to be redirected"/>
		</targetConfig>
	</targetConfigs>

</LightningComponentBundle>