<?xml version="1.0" encoding="UTF-8"?>
<Flow xmlns="http://soap.sforce.com/2006/04/metadata">
    <apiVersion>59.0</apiVersion>
    <assignments>
        <name>assign_no_of_acc</name>
        <label>assign no of acc</label>
        <locationX>176</locationX>
        <locationY>350</locationY>
        <assignmentItems>
            <assignToReference>totalaccounts</assignToReference>
            <operator>AssignCount</operator>
            <value>
                <elementReference>filter_acc</elementReference>
            </value>
        </assignmentItems>
        <connector>
            <targetReference>Total_Active_ACcounts</targetReference>
        </connector>
    </assignments>
    <collectionProcessors>
        <name>filter_acc</name>
        <elementSubtype>FilterCollectionProcessor</elementSubtype>
        <label>filter acc</label>
        <locationX>176</locationX>
        <locationY>242</locationY>
        <assignNextValueToReference>currentItem_filter_acc</assignNextValueToReference>
        <collectionProcessorType>FilterCollectionProcessor</collectionProcessorType>
        <collectionReference>get_acc</collectionReference>
        <conditionLogic>and</conditionLogic>
        <conditions>
            <leftValueReference>currentItem_filter_acc.Active__c</leftValueReference>
            <operator>EqualTo</operator>
            <rightValue>
                <stringValue>Yes</stringValue>
            </rightValue>
        </conditions>
        <connector>
            <targetReference>assign_no_of_acc</targetReference>
        </connector>
    </collectionProcessors>
    <environments>Default</environments>
    <interviewLabel>Count of Active Accounts {!$Flow.CurrentDateTime}</interviewLabel>
    <label>Count of Active Accounts</label>
    <processMetadataValues>
        <name>BuilderType</name>
        <value>
            <stringValue>LightningFlowBuilder</stringValue>
        </value>
    </processMetadataValues>
    <processMetadataValues>
        <name>CanvasMode</name>
        <value>
            <stringValue>AUTO_LAYOUT_CANVAS</stringValue>
        </value>
    </processMetadataValues>
    <processMetadataValues>
        <name>OriginBuilderType</name>
        <value>
            <stringValue>LightningFlowBuilder</stringValue>
        </value>
    </processMetadataValues>
    <processType>Flow</processType>
    <recordLookups>
        <name>get_acc</name>
        <label>get acc</label>
        <locationX>176</locationX>
        <locationY>134</locationY>
        <assignNullValuesIfNoRecordsFound>false</assignNullValuesIfNoRecordsFound>
        <connector>
            <targetReference>filter_acc</targetReference>
        </connector>
        <getFirstRecordOnly>false</getFirstRecordOnly>
        <object>Account</object>
        <storeOutputAutomatically>true</storeOutputAutomatically>
    </recordLookups>
    <screens>
        <name>Total_Active_ACcounts</name>
        <label>Total Active ACcounts</label>
        <locationX>176</locationX>
        <locationY>458</locationY>
        <allowBack>true</allowBack>
        <allowFinish>true</allowFinish>
        <allowPause>true</allowPause>
        <fields>
            <name>Active_Accounts</name>
            <fieldText>&lt;p&gt;&lt;span style=&quot;color: rgb(55, 15, 234);&quot;&gt;Total Active Accounts =:&lt;/span&gt;&lt;span style=&quot;color: rgb(221, 22, 22);&quot;&gt; {!totalaccounts}&lt;/span&gt;&lt;/p&gt;</fieldText>
            <fieldType>DisplayText</fieldType>
        </fields>
        <showFooter>true</showFooter>
        <showHeader>true</showHeader>
    </screens>
    <start>
        <locationX>50</locationX>
        <locationY>0</locationY>
        <connector>
            <targetReference>get_acc</targetReference>
        </connector>
    </start>
    <status>Draft</status>
    <variables>
        <name>currentItem_filter_acc</name>
        <dataType>SObject</dataType>
        <isCollection>false</isCollection>
        <isInput>false</isInput>
        <isOutput>false</isOutput>
        <objectType>Account</objectType>
    </variables>
    <variables>
        <name>totalaccounts</name>
        <dataType>Number</dataType>
        <isCollection>false</isCollection>
        <isInput>false</isInput>
        <isOutput>true</isOutput>
        <scale>0</scale>
        <value>
            <numberValue>0.0</numberValue>
        </value>
    </variables>
</Flow>
