<?xml version="1.0" encoding="UTF-8"?>
<Flow xmlns="http://soap.sforce.com/2006/04/metadata">
    <apiVersion>59.0</apiVersion>
    <environments>Default</environments>
    <interviewLabel>Display Map using Lwc {!$Flow.CurrentDateTime}</interviewLabel>
    <label>Display Map using Lwc</label>
    <processMetadataValues>
        <name>BuilderType</name>
        <value>
            <stringValue>LightningFlowBuilder</stringValue>
        </value>
    </processMetadataValues>
    <processMetadataValues>
        <name>CanvasMode</name>
        <value>
            <stringValue>AUTO_LAYOUT_CANVAS</stringValue>
        </value>
    </processMetadataValues>
    <processMetadataValues>
        <name>OriginBuilderType</name>
        <value>
            <stringValue>LightningFlowBuilder</stringValue>
        </value>
    </processMetadataValues>
    <processType>Flow</processType>
    <screens>
        <name>Display_Map_Component</name>
        <label>Display Map Component</label>
        <locationX>176</locationX>
        <locationY>134</locationY>
        <allowBack>true</allowBack>
        <allowFinish>true</allowFinish>
        <allowPause>true</allowPause>
        <fields>
            <name>inputData</name>
            <extensionName>flowruntime:address</extensionName>
            <fieldType>ComponentInstance</fieldType>
            <inputsOnNextNavToAssocScrn>UseStoredValues</inputsOnNextNavToAssocScrn>
            <isRequired>true</isRequired>
            <storeOutputAutomatically>true</storeOutputAutomatically>
        </fields>
        <fields>
            <name>outputMap</name>
            <extensionName>c:displayMap</extensionName>
            <fieldType>ComponentInstance</fieldType>
            <inputParameters>
                <name>city</name>
                <value>
                    <elementReference>inputData.city</elementReference>
                </value>
            </inputParameters>
            <inputParameters>
                <name>country</name>
                <value>
                    <elementReference>inputData.country</elementReference>
                </value>
            </inputParameters>
            <inputParameters>
                <name>description</name>
                <value>
                    <stringValue>Wonder of World</stringValue>
                </value>
            </inputParameters>
            <inputParameters>
                <name>postalCode</name>
                <value>
                    <elementReference>inputData.postalCode</elementReference>
                </value>
            </inputParameters>
            <inputParameters>
                <name>state</name>
                <value>
                    <elementReference>inputData.province</elementReference>
                </value>
            </inputParameters>
            <inputParameters>
                <name>street</name>
                <value>
                    <elementReference>inputData.street</elementReference>
                </value>
            </inputParameters>
            <inputParameters>
                <name>title</name>
                <value>
                    <stringValue>Taj Mahal</stringValue>
                </value>
            </inputParameters>
            <inputsOnNextNavToAssocScrn>UseStoredValues</inputsOnNextNavToAssocScrn>
            <isRequired>true</isRequired>
            <storeOutputAutomatically>true</storeOutputAutomatically>
        </fields>
        <showFooter>true</showFooter>
        <showHeader>true</showHeader>
    </screens>
    <start>
        <locationX>50</locationX>
        <locationY>0</locationY>
        <connector>
            <targetReference>Display_Map_Component</targetReference>
        </connector>
    </start>
    <status>Draft</status>
</Flow>
