<?xml version="1.0" encoding="UTF-8"?>
<Flow xmlns="http://soap.sforce.com/2006/04/metadata">
    <actionCalls>
        <name>mail_plan</name>
        <label>mail plan</label>
        <locationX>50</locationX>
        <locationY>647</locationY>
        <actionName>emailSimple</actionName>
        <actionType>emailSimple</actionType>
        <flowTransactionModel>CurrentTransaction</flowTransactionModel>
        <inputParameters>
            <name>relatedRecordId</name>
            <value>
                <elementReference>$Record.Account_Name__r.Id</elementReference>
            </value>
        </inputParameters>
        <inputParameters>
            <name>recipientId</name>
            <value>
                <elementReference>get_user.Id</elementReference>
            </value>
        </inputParameters>
        <inputParameters>
            <name>emailTemplateId</name>
            <value>
                <elementReference>get_Email_Template.Id</elementReference>
            </value>
        </inputParameters>
        <nameSegment>emailSimple</nameSegment>
        <versionSegment>1</versionSegment>
    </actionCalls>
    <apiVersion>59.0</apiVersion>
    <decisions>
        <name>check_stages</name>
        <label>check stages</label>
        <locationX>182</locationX>
        <locationY>323</locationY>
        <defaultConnectorLabel>Default Outcome</defaultConnectorLabel>
        <rules>
            <name>check_stage_installed</name>
            <conditionLogic>and</conditionLogic>
            <conditions>
                <leftValueReference>$Record.Stages__c</leftValueReference>
                <operator>EqualTo</operator>
                <rightValue>
                    <stringValue>Installed</stringValue>
                </rightValue>
            </conditions>
            <conditions>
                <leftValueReference>$Record__Prior.Stages__c</leftValueReference>
                <operator>EqualTo</operator>
                <rightValue>
                    <stringValue>In-Progress</stringValue>
                </rightValue>
            </conditions>
            <connector>
                <targetReference>get_user</targetReference>
            </connector>
            <label>check stage installed</label>
        </rules>
    </decisions>
    <environments>Default</environments>
    <interviewLabel>mail send {!$Flow.CurrentDateTime}</interviewLabel>
    <label>mail send</label>
    <processMetadataValues>
        <name>BuilderType</name>
        <value>
            <stringValue>LightningFlowBuilder</stringValue>
        </value>
    </processMetadataValues>
    <processMetadataValues>
        <name>CanvasMode</name>
        <value>
            <stringValue>AUTO_LAYOUT_CANVAS</stringValue>
        </value>
    </processMetadataValues>
    <processMetadataValues>
        <name>OriginBuilderType</name>
        <value>
            <stringValue>LightningFlowBuilder</stringValue>
        </value>
    </processMetadataValues>
    <processType>AutoLaunchedFlow</processType>
    <recordLookups>
        <name>get_Email_Template</name>
        <label>get Email Template</label>
        <locationX>50</locationX>
        <locationY>539</locationY>
        <assignNullValuesIfNoRecordsFound>false</assignNullValuesIfNoRecordsFound>
        <connector>
            <targetReference>mail_plan</targetReference>
        </connector>
        <filterLogic>and</filterLogic>
        <filters>
            <field>DeveloperName</field>
            <operator>EqualTo</operator>
            <value>
                <stringValue>Plan_Email_Send</stringValue>
            </value>
        </filters>
        <getFirstRecordOnly>true</getFirstRecordOnly>
        <object>EmailTemplate</object>
        <storeOutputAutomatically>true</storeOutputAutomatically>
    </recordLookups>
    <recordLookups>
        <name>get_user</name>
        <label>get user</label>
        <locationX>50</locationX>
        <locationY>431</locationY>
        <assignNullValuesIfNoRecordsFound>false</assignNullValuesIfNoRecordsFound>
        <connector>
            <targetReference>get_Email_Template</targetReference>
        </connector>
        <filterLogic>and</filterLogic>
        <filters>
            <field>Id</field>
            <operator>EqualTo</operator>
            <value>
                <elementReference>$Record.Account_Name__r.OwnerId</elementReference>
            </value>
        </filters>
        <getFirstRecordOnly>true</getFirstRecordOnly>
        <object>User</object>
        <storeOutputAutomatically>true</storeOutputAutomatically>
    </recordLookups>
    <start>
        <locationX>56</locationX>
        <locationY>0</locationY>
        <connector>
            <targetReference>check_stages</targetReference>
        </connector>
        <filterLogic>and</filterLogic>
        <filters>
            <field>Account_Name__c</field>
            <operator>IsNull</operator>
            <value>
                <booleanValue>false</booleanValue>
            </value>
        </filters>
        <object>Plan__c</object>
        <recordTriggerType>CreateAndUpdate</recordTriggerType>
        <triggerType>RecordAfterSave</triggerType>
    </start>
    <status>Obsolete</status>
</Flow>
