<?xml version="1.0" encoding="UTF-8"?>
<Flow xmlns="http://soap.sforce.com/2006/04/metadata">
    <apiVersion>59.0</apiVersion>
    <assignments>
        <name>count_Boroadband_size_of_plan</name>
        <label>count Boroadband size of plan</label>
        <locationX>314</locationX>
        <locationY>827</locationY>
        <assignmentItems>
            <assignToReference>countBroadband</assignToReference>
            <operator>AssignCount</operator>
            <value>
                <elementReference>Get_BroadBand_Plan</elementReference>
            </value>
        </assignmentItems>
        <connector>
            <targetReference>check_REcordType_and_size_of_Plan</targetReference>
        </connector>
    </assignments>
    <assignments>
        <name>count_size_of_plan</name>
        <label>count Mobile size of plan</label>
        <locationX>314</locationX>
        <locationY>719</locationY>
        <assignmentItems>
            <assignToReference>countPlans</assignToReference>
            <operator>AssignCount</operator>
            <value>
                <elementReference>Get_Mobile_Plans</elementReference>
            </value>
        </assignmentItems>
        <connector>
            <targetReference>count_Boroadband_size_of_plan</targetReference>
        </connector>
    </assignments>
    <decisions>
        <name>check_REcordType_and_size_of_Plan</name>
        <label>check REcordType and size of Plan</label>
        <locationX>314</locationX>
        <locationY>935</locationY>
        <defaultConnectorLabel>Default Outcome</defaultConnectorLabel>
        <rules>
            <name>if_Mobile_RecordType_and_size_id_greater_than_2</name>
            <conditionLogic>and</conditionLogic>
            <conditions>
                <leftValueReference>$Record.RecordTypeId</leftValueReference>
                <operator>EqualTo</operator>
                <rightValue>
                    <elementReference>Get_Mobile.Id</elementReference>
                </rightValue>
            </conditions>
            <conditions>
                <leftValueReference>countPlans</leftValueReference>
                <operator>GreaterThanOrEqualTo</operator>
                <rightValue>
                    <numberValue>2.0</numberValue>
                </rightValue>
            </conditions>
            <conditions>
                <leftValueReference>$Record.Stages__c</leftValueReference>
                <operator>EqualTo</operator>
                <rightValue>
                    <stringValue>Active</stringValue>
                </rightValue>
            </conditions>
            <connector>
                <targetReference>Mobile_Recordtype_Error</targetReference>
            </connector>
            <label>if Mobile RecordType and size id greater than 2</label>
        </rules>
        <rules>
            <name>if_RecordType_Broadband_and_size_is_greater_than_2</name>
            <conditionLogic>and</conditionLogic>
            <conditions>
                <leftValueReference>$Record.RecordTypeId</leftValueReference>
                <operator>EqualTo</operator>
                <rightValue>
                    <elementReference>Get_Broadband.Id</elementReference>
                </rightValue>
            </conditions>
            <conditions>
                <leftValueReference>countBroadband</leftValueReference>
                <operator>GreaterThanOrEqualTo</operator>
                <rightValue>
                    <numberValue>2.0</numberValue>
                </rightValue>
            </conditions>
            <conditions>
                <leftValueReference>$Record.Stages__c</leftValueReference>
                <operator>EqualTo</operator>
                <rightValue>
                    <stringValue>Active</stringValue>
                </rightValue>
            </conditions>
            <connector>
                <targetReference>Broadband_RecordType_ERror</targetReference>
            </connector>
            <label>if RecordType Broadband and size is greater than 2</label>
        </rules>
    </decisions>
    <environments>Default</environments>
    <interviewLabel>Only 2 Active Record Flow {!$Flow.CurrentDateTime}</interviewLabel>
    <label>Only 2 Active Record Flow</label>
    <processMetadataValues>
        <name>BuilderType</name>
        <value>
            <stringValue>LightningFlowBuilder</stringValue>
        </value>
    </processMetadataValues>
    <processMetadataValues>
        <name>CanvasMode</name>
        <value>
            <stringValue>AUTO_LAYOUT_CANVAS</stringValue>
        </value>
    </processMetadataValues>
    <processMetadataValues>
        <name>OriginBuilderType</name>
        <value>
            <stringValue>LightningFlowBuilder</stringValue>
        </value>
    </processMetadataValues>
    <processType>AutoLaunchedFlow</processType>
    <recordLookups>
        <name>Get_Broadband</name>
        <label>Get Broadband</label>
        <locationX>314</locationX>
        <locationY>287</locationY>
        <assignNullValuesIfNoRecordsFound>false</assignNullValuesIfNoRecordsFound>
        <connector>
            <targetReference>Get_Mobile</targetReference>
        </connector>
        <filterLogic>and</filterLogic>
        <filters>
            <field>DeveloperName</field>
            <operator>EqualTo</operator>
            <value>
                <stringValue>Broadband</stringValue>
            </value>
        </filters>
        <filters>
            <field>SobjectType</field>
            <operator>EqualTo</operator>
            <value>
                <stringValue>Plan__c</stringValue>
            </value>
        </filters>
        <getFirstRecordOnly>true</getFirstRecordOnly>
        <object>RecordType</object>
        <storeOutputAutomatically>true</storeOutputAutomatically>
    </recordLookups>
    <recordLookups>
        <name>Get_BroadBand_Plan</name>
        <label>Get BroadBand Plan</label>
        <locationX>314</locationX>
        <locationY>611</locationY>
        <assignNullValuesIfNoRecordsFound>false</assignNullValuesIfNoRecordsFound>
        <connector>
            <targetReference>count_size_of_plan</targetReference>
        </connector>
        <filterLogic>and</filterLogic>
        <filters>
            <field>Account_Name__c</field>
            <operator>EqualTo</operator>
            <value>
                <elementReference>$Record.Account_Name__c</elementReference>
            </value>
        </filters>
        <filters>
            <field>RecordTypeId</field>
            <operator>EqualTo</operator>
            <value>
                <elementReference>Get_Broadband.Id</elementReference>
            </value>
        </filters>
        <filters>
            <field>Stages__c</field>
            <operator>EqualTo</operator>
            <value>
                <stringValue>Active</stringValue>
            </value>
        </filters>
        <getFirstRecordOnly>false</getFirstRecordOnly>
        <object>Plan__c</object>
        <storeOutputAutomatically>true</storeOutputAutomatically>
    </recordLookups>
    <recordLookups>
        <name>Get_Mobile</name>
        <label>Get Mobile</label>
        <locationX>314</locationX>
        <locationY>395</locationY>
        <assignNullValuesIfNoRecordsFound>false</assignNullValuesIfNoRecordsFound>
        <connector>
            <targetReference>Get_Mobile_Plans</targetReference>
        </connector>
        <filterLogic>and</filterLogic>
        <filters>
            <field>DeveloperName</field>
            <operator>EqualTo</operator>
            <value>
                <stringValue>Mobile</stringValue>
            </value>
        </filters>
        <filters>
            <field>SobjectType</field>
            <operator>EqualTo</operator>
            <value>
                <stringValue>Plan__c</stringValue>
            </value>
        </filters>
        <getFirstRecordOnly>true</getFirstRecordOnly>
        <object>RecordType</object>
        <storeOutputAutomatically>true</storeOutputAutomatically>
    </recordLookups>
    <recordLookups>
        <name>Get_Mobile_Plans</name>
        <label>Get Mobile  Plans</label>
        <locationX>314</locationX>
        <locationY>503</locationY>
        <assignNullValuesIfNoRecordsFound>false</assignNullValuesIfNoRecordsFound>
        <connector>
            <targetReference>Get_BroadBand_Plan</targetReference>
        </connector>
        <filterLogic>and</filterLogic>
        <filters>
            <field>Account_Name__c</field>
            <operator>EqualTo</operator>
            <value>
                <elementReference>$Record.Account_Name__c</elementReference>
            </value>
        </filters>
        <filters>
            <field>RecordTypeId</field>
            <operator>EqualTo</operator>
            <value>
                <elementReference>Get_Mobile.Id</elementReference>
            </value>
        </filters>
        <filters>
            <field>Stages__c</field>
            <operator>EqualTo</operator>
            <value>
                <stringValue>Active</stringValue>
            </value>
        </filters>
        <getFirstRecordOnly>false</getFirstRecordOnly>
        <object>Plan__c</object>
        <storeOutputAutomatically>true</storeOutputAutomatically>
    </recordLookups>
    <start>
        <locationX>188</locationX>
        <locationY>0</locationY>
        <connector>
            <targetReference>Get_Broadband</targetReference>
        </connector>
        <filterLogic>and</filterLogic>
        <filters>
            <field>Account_Name__c</field>
            <operator>IsNull</operator>
            <value>
                <booleanValue>false</booleanValue>
            </value>
        </filters>
        <filters>
            <field>Stages__c</field>
            <operator>EqualTo</operator>
            <value>
                <stringValue>Active</stringValue>
            </value>
        </filters>
        <object>Plan__c</object>
        <recordTriggerType>CreateAndUpdate</recordTriggerType>
        <triggerType>RecordBeforeSave</triggerType>
    </start>
    <status>Active</status>
    <variables>
        <name>countBroadband</name>
        <dataType>Number</dataType>
        <isCollection>false</isCollection>
        <isInput>false</isInput>
        <isOutput>true</isOutput>
        <scale>0</scale>
        <value>
            <numberValue>0.0</numberValue>
        </value>
    </variables>
    <variables>
        <name>countPlans</name>
        <dataType>Number</dataType>
        <isCollection>false</isCollection>
        <isInput>false</isInput>
        <isOutput>true</isOutput>
        <scale>0</scale>
        <value>
            <numberValue>0.0</numberValue>
        </value>
    </variables>
</Flow>
