<?xml version="1.0" encoding="UTF-8"?>
<CustomField xmlns="http://soap.sforce.com/2006/04/metadata">
    <fullName>CHECK_Time_FRMLA__c</fullName>
    <externalId>false</externalId>
    <formula>if(Value(LEFT(TEXT(TIMEVALUE( CHECK_DATE__c )), 2)) &lt;12 ,LEFT(TEXT(TIMEVALUE( CHECK_DATE__c )), 2),TEXT(VALUE(LEFT(TEXT(TIMEVALUE( CHECK_DATE__c )), 2)) - 12))</formula>
    <formulaTreatBlanksAs>BlankAsZero</formulaTreatBlanksAs>
    <label>CHECK Time FRMLA</label>
    <required>false</required>
    <trackHistory>false</trackHistory>
    <trackTrending>false</trackTrending>
    <type>Text</type>
    <unique>false</unique>
</CustomField>
