<?xml version="1.0" encoding="UTF-8"?>
<CustomField xmlns="http://soap.sforce.com/2006/04/metadata">
    <fullName>CHECK_DATE_FRMLA__c</fullName>
    <externalId>false</externalId>
    <formula>Text(DAY(DATEVALUE(CHECK_DATE__c))) +&apos; &apos;+if(TEXT(MONTH(DATEVALUE(CHECK_DATE__c))) == &apos;1&apos;,&apos;JANURY&apos;,if(TEXT(MONTH(DATEVALUE(CHECK_DATE__c))) == &apos;2&apos;,&apos;FEBURARY&apos;,if(TEXT(MONTH(DATEVALUE(CHECK_DATE__c))) == &apos;3&apos;,&apos;MARCH&apos;,if(TEXT(MONTH(DATEVALUE(CHECK_DATE__c))) == &apos;4&apos;,&apos;ARPRIL&apos;,if(TEXT(MONTH(DATEVALUE(CHECK_DATE__c))) == &apos;5&apos;,&apos;MAY&apos;,if(TEXT(MONTH(DATEVALUE(CHECK_DATE__c))) == &apos;6&apos;,&apos;JUNE&apos;,if(TEXT(MONTH(DATEVALUE(CHECK_DATE__c))) == &apos;7&apos;,&apos;JULY&apos;,if(TEXT(MONTH(DATEVALUE(CHECK_DATE__c))) == &apos;8&apos;,&apos;AUGUST&apos;,if(TEXT(MONTH(DATEVALUE(CHECK_DATE__c))) == &apos;9&apos;,&apos;SEPTEMBER&apos;,if(TEXT(MONTH(DATEVALUE(CHECK_DATE__c))) == &apos;10&apos;,&apos;OCTOBER&apos;,if(TEXT(MONTH(DATEVALUE(CHECK_DATE__c))) == &apos;11&apos;,&apos;NOVEMBER&apos;,if(TEXT(MONTH(DATEVALUE(CHECK_DATE__c))) == &apos;12&apos;,&apos;DECEMBER&apos;,&apos;&apos;))))))))))))+&apos; &apos;+TEXT(YEAR(DATEVALUE(CHECK_DATE__c))  )</formula>
    <formulaTreatBlanksAs>BlankAsZero</formulaTreatBlanksAs>
    <label>CHECK DATE FRMLA</label>
    <required>false</required>
    <trackHistory>false</trackHistory>
    <trackTrending>false</trackTrending>
    <type>Text</type>
    <unique>false</unique>
</CustomField>
