<?xml version="1.0" encoding="UTF-8"?>
<CustomField xmlns="http://soap.sforce.com/2006/04/metadata">
    <fullName>State__c</fullName>
    <externalId>false</externalId>
    <label>State</label>
    <required>false</required>
    <trackHistory>false</trackHistory>
    <trackTrending>false</trackTrending>
    <type>Picklist</type>
    <valueSet>
        <controllingField>Country__c</controllingField>
        <restricted>true</restricted>
        <valueSetDefinition>
            <sorted>false</sorted>
            <value>
                <fullName>HimachalPradesh</fullName>
                <default>false</default>
                <label>HimachalPradesh</label>
            </value>
            <value>
                <fullName>Utrakhand</fullName>
                <default>false</default>
                <label>Utrakhand</label>
            </value>
            <value>
                <fullName>Uttar Pradesh</fullName>
                <default>false</default>
                <label>Uttar Pradesh</label>
            </value>
            <value>
                <fullName>Punajab</fullName>
                <default>false</default>
                <label>Punajab</label>
            </value>
            <value>
                <fullName>Hariyana</fullName>
                <default>false</default>
                <label>Hariyana</label>
            </value>
        </valueSetDefinition>
        <valueSettings>
            <controllingFieldValue>India</controllingFieldValue>
            <valueName>HimachalPradesh</valueName>
        </valueSettings>
        <valueSettings>
            <controllingFieldValue>India</controllingFieldValue>
            <valueName>Uttar Pradesh</valueName>
        </valueSettings>
        <valueSettings>
            <controllingFieldValue>UK</controllingFieldValue>
            <valueName>Utrakhand</valueName>
        </valueSettings>
        <valueSettings>
            <controllingFieldValue>UK</controllingFieldValue>
            <valueName>Punajab</valueName>
        </valueSettings>
        <valueSettings>
            <controllingFieldValue>USA</controllingFieldValue>
            <valueName>Hariyana</valueName>
        </valueSettings>
    </valueSet>
</CustomField>
