[{"_allAttributes":{"publicAttributes":[{"name":"display","memberType":0,"decorator":0,"location":{"uri":"file:///c%3A/Users/mohit.kapoor/Documents/pracIn/pracint/force-app/main/default/lwc/child/child.js","range":{"start":{"line":3,"character":5},"end":{"line":3,"character":18}}},"detail":"LWC custom attribute"},{"name":"user","memberType":0,"decorator":0,"location":{"uri":"file:///c%3A/Users/mohit.kapoor/Documents/pracIn/pracint/force-app/main/default/lwc/child/child.js","range":{"start":{"line":4,"character":5},"end":{"line":4,"character":15}}},"detail":"LWC custom attribute"},{"name":"msg","memberType":0,"decorator":0,"location":{"uri":"file:///c%3A/Users/mohit.kapoor/Documents/pracIn/pracint/force-app/main/default/lwc/child/child.js","range":{"start":{"line":7,"character":5},"end":{"line":10,"character":6}}},"detail":"LWC custom attribute"}],"privateAttributes":[{"name":"message-data","memberType":0,"location":{"uri":"file:///c%3A/Users/mohit.kapoor/Documents/pracIn/pracint/force-app/main/default/lwc/child/child.js","range":{"start":{"line":6,"character":5},"end":{"line":6,"character":17}}},"detail":"LWC custom attribute"}]},"_properties":null,"_methods":[],"file":"c:/Users/mohit.kapoor/Documents/pracIn/pracint/force-app/main/default/lwc/child/child.js","metadata":{"decorators":[{"type":"api","targets":[{"name":"display","type":"property","value":{"type":"unresolved"}},{"name":"user","type":"property","value":{"type":"unresolved"}},{"name":"msg","type":"property"}]}],"classMembers":[{"name":"display","type":"property","value":{"type":"unresolved"},"decorator":"api","loc":{"start":{"line":4,"column":5},"end":{"line":4,"column":18}}},{"name":"user","type":"property","value":{"type":"unresolved"},"decorator":"api","loc":{"start":{"line":5,"column":5},"end":{"line":5,"column":15}}},{"name":"messageData","type":"property","loc":{"start":{"line":7,"column":5},"end":{"line":7,"column":17}}},{"name":"msg","type":"property","decorator":"api","loc":{"start":{"line":8,"column":5},"end":{"line":11,"column":6}}}],"declarationLoc":{"start":{"line":3,"column":0},"end":{"line":19,"column":1}},"doc":"","exports":[{"type":"ExportDefaultDeclaration"}]},"updatedAt":"2024-07-20T10:12:45.543Z"},{"_allAttributes":{"publicAttributes":[{"name":"record-id","memberType":0,"decorator":0,"location":{"uri":"file:///c%3A/Users/mohit.kapoor/Documents/pracIn/pracint/force-app/main/default/lwc/getRecordDemo/getRecordDemo.js","range":{"start":{"line":9,"character":4},"end":{"line":9,"character":18}}},"detail":"LWC custom attribute"}],"privateAttributes":[{"name":"acc-name","memberType":0,"location":{"uri":"file:///c%3A/Users/mohit.kapoor/Documents/pracIn/pracint/force-app/main/default/lwc/getRecordDemo/getRecordDemo.js","range":{"start":{"line":10,"character":4},"end":{"line":10,"character":12}}},"detail":"LWC custom attribute"},{"name":"account-name","memberType":0,"location":{"uri":"file:///c%3A/Users/mohit.kapoor/Documents/pracIn/pracint/force-app/main/default/lwc/getRecordDemo/getRecordDemo.js","range":{"start":{"line":11,"character":4},"end":{"line":11,"character":16}}},"detail":"LWC custom attribute"},{"name":"account-info","memberType":0,"location":{"uri":"file:///c%3A/Users/mohit.kapoor/Documents/pracIn/pracint/force-app/main/default/lwc/getRecordDemo/getRecordDemo.js","range":{"start":{"line":12,"character":4},"end":{"line":13,"character":16}}},"detail":"LWC custom attribute"},{"name":"revenue","memberType":0,"location":{"uri":"file:///c%3A/Users/mohit.kapoor/Documents/pracIn/pracint/force-app/main/default/lwc/getRecordDemo/getRecordDemo.js","range":{"start":{"line":26,"character":4},"end":{"line":28,"character":5}}},"detail":"LWC custom attribute"},{"name":"account-object-info","memberType":0,"location":{"uri":"file:///c%3A/Users/mohit.kapoor/Documents/pracIn/pracint/force-app/main/default/lwc/getRecordDemo/getRecordDemo.js","range":{"start":{"line":30,"character":4},"end":{"line":31,"character":22}}},"detail":"LWC custom attribute"},{"name":"acc-pick-list","memberType":0,"location":{"uri":"file:///c%3A/Users/mohit.kapoor/Documents/pracIn/pracint/force-app/main/default/lwc/getRecordDemo/getRecordDemo.js","range":{"start":{"line":33,"character":4},"end":{"line":37,"character":16}}},"detail":"LWC custom attribute"},{"name":"account-pick-list","memberType":0,"location":{"uri":"file:///c%3A/Users/mohit.kapoor/Documents/pracIn/pracint/force-app/main/default/lwc/getRecordDemo/getRecordDemo.js","range":{"start":{"line":39,"character":4},"end":{"line":43,"character":20}}},"detail":"LWC custom attribute"}]},"_properties":null,"_methods":[],"file":"c:/Users/mohit.kapoor/Documents/pracIn/pracint/force-app/main/default/lwc/getRecordDemo/getRecordDemo.js","metadata":{"decorators":[{"type":"api","targets":[{"name":"recordId","type":"property","value":{"type":"unresolved"}}]},{"type":"wire","targets":[{"name":"accountInfo","type":"property","static":{"fields":{"type":"array","value":[null,null]}},"params":{"recordId":"recordId"},"adapter":{"name":"getRecord","reference":"lightning/uiRecordApi"}},{"name":"accountObjectInfo","type":"property","static":{"objectApiName":{"type":"unresolved"}},"params":{},"adapter":{"name":"getObjectInfo","reference":"lightning/uiObjectInfoApi"}},{"name":"accPickList","type":"property","static":{"fieldApiName":{"type":"unresolved"}},"params":{"recordTypeId":"accountObjectInfo.data.defaultRecordTypeId"},"adapter":{"name":"getPicklistValues","reference":"lightning/uiObjectInfoApi"}},{"name":"accountPickList","type":"property","static":{"objectApiName":{"type":"unresolved"}},"params":{"recordTypeId":"accountObjectInfo.data.defaultRecordTypeId"},"adapter":{"name":"getPicklistValuesByRecordType","reference":"lightning/uiObjectInfoApi"}}]}],"classMembers":[{"name":"recordId","type":"property","value":{"type":"unresolved"},"decorator":"api","loc":{"start":{"line":10,"column":4},"end":{"line":10,"column":18}}},{"name":"accName","type":"property","loc":{"start":{"line":11,"column":4},"end":{"line":11,"column":12}}},{"name":"accountName","type":"property","loc":{"start":{"line":12,"column":4},"end":{"line":12,"column":16}}},{"name":"accountInfo","type":"property","decorator":"wire","loc":{"start":{"line":13,"column":4},"end":{"line":14,"column":16}}},{"name":"revenue","type":"property","loc":{"start":{"line":27,"column":4},"end":{"line":29,"column":5}}},{"name":"accountObjectInfo","type":"property","decorator":"wire","loc":{"start":{"line":31,"column":4},"end":{"line":32,"column":22}}},{"name":"accPickList","type":"property","decorator":"wire","loc":{"start":{"line":34,"column":4},"end":{"line":38,"column":16}}},{"name":"accountPickList","type":"property","decorator":"wire","loc":{"start":{"line":40,"column":4},"end":{"line":44,"column":20}}}],"declarationLoc":{"start":{"line":8,"column":0},"end":{"line":46,"column":1}},"doc":"","exports":[{"type":"ExportDefaultDeclaration"}]},"updatedAt":"2024-07-21T12:54:36.899Z"},{"_allAttributes":{"publicAttributes":[],"privateAttributes":[]},"_properties":null,"_methods":[],"file":"c:/Users/mohit.kapoor/Documents/pracIn/pracint/force-app/main/default/lwc/helloworld/helloworld.js","metadata":{"decorators":[],"classMembers":[],"declarationLoc":{"start":{"line":3,"column":0},"end":{"line":3,"column":59}},"doc":"","exports":[{"type":"ExportDefaultDeclaration"}]},"updatedAt":"2024-07-20T08:58:13.572Z"},{"_allAttributes":{"publicAttributes":[],"privateAttributes":[{"name":"account-info","memberType":0,"location":{"uri":"file:///c%3A/Users/mohit.kapoor/Documents/pracIn/pracint/force-app/main/default/lwc/imperativeApexDemo/imperativeApexDemo.js","range":{"start":{"line":12,"character":4},"end":{"line":13,"character":16}}},"detail":"LWC custom attribute"},{"name":"account-industry-pick-list","memberType":0,"location":{"uri":"file:///c%3A/Users/mohit.kapoor/Documents/pracIn/pracint/force-app/main/default/lwc/imperativeApexDemo/imperativeApexDemo.js","range":{"start":{"line":15,"character":4},"end":{"line":20,"character":28}}},"detail":"LWC custom attribute"},{"name":"account-infopick-list","memberType":0,"location":{"uri":"file:///c%3A/Users/mohit.kapoor/Documents/pracIn/pracint/force-app/main/default/lwc/imperativeApexDemo/imperativeApexDemo.js","range":{"start":{"line":22,"character":4},"end":{"line":26,"character":24}}},"detail":"LWC custom attribute"},{"name":"columns","memberType":0,"location":{"uri":"file:///c%3A/Users/mohit.kapoor/Documents/pracIn/pracint/force-app/main/default/lwc/imperativeApexDemo/imperativeApexDemo.js","range":{"start":{"line":28,"character":4},"end":{"line":28,"character":19}}},"detail":"LWC custom attribute"},{"name":"accounts","memberType":0,"location":{"uri":"file:///c%3A/Users/mohit.kapoor/Documents/pracIn/pracint/force-app/main/default/lwc/imperativeApexDemo/imperativeApexDemo.js","range":{"start":{"line":29,"character":4},"end":{"line":29,"character":13}}},"detail":"LWC custom attribute"},{"name":"error","memberType":0,"location":{"uri":"file:///c%3A/Users/mohit.kapoor/Documents/pracIn/pracint/force-app/main/default/lwc/imperativeApexDemo/imperativeApexDemo.js","range":{"start":{"line":30,"character":4},"end":{"line":30,"character":10}}},"detail":"LWC custom attribute"},{"name":"value","memberType":0,"location":{"uri":"file:///c%3A/Users/mohit.kapoor/Documents/pracIn/pracint/force-app/main/default/lwc/imperativeApexDemo/imperativeApexDemo.js","range":{"start":{"line":31,"character":4},"end":{"line":31,"character":10}}},"detail":"LWC custom attribute"}]},"_properties":null,"_methods":[{"name":"clickHandler","type":"method","loc":{"start":{"line":33,"column":4},"end":{"line":39,"column":5}}},{"name":"changeHandler","type":"method","loc":{"start":{"line":41,"column":4},"end":{"line":43,"column":5}}}],"file":"c:/Users/mohit.kapoor/Documents/pracIn/pracint/force-app/main/default/lwc/imperativeApexDemo/imperativeApexDemo.js","metadata":{"decorators":[{"type":"wire","targets":[{"name":"accountInfo","type":"property","static":{"objectApiName":{"type":"unresolved"}},"params":{},"adapter":{"name":"getObjectInfo","reference":"lightning/uiObjectInfoApi"}},{"name":"accountIndustryPickList","type":"property","static":{"fieldApiName":{"type":"unresolved"}},"params":{"recordTypeId":"accountInfo.data.defaultRecordTypeId"},"adapter":{"name":"getPicklistValues","reference":"lightning/uiObjectInfoApi"}},{"name":"accountInfopickList","type":"property","static":{"objectApiName":{"type":"unresolved"}},"params":{"recordTypeId":"accountInfo.data.defaultRecordTypeId"},"adapter":{"name":"getPicklistValuesByRecordType","reference":"lightning/uiObjectInfoApi"}}]}],"classMembers":[{"name":"accountInfo","type":"property","decorator":"wire","loc":{"start":{"line":13,"column":4},"end":{"line":14,"column":16}}},{"name":"accountIndustryPickList","type":"property","decorator":"wire","loc":{"start":{"line":16,"column":4},"end":{"line":21,"column":28}}},{"name":"accountInfopickList","type":"property","decorator":"wire","loc":{"start":{"line":23,"column":4},"end":{"line":27,"column":24}}},{"name":"columns","type":"property","loc":{"start":{"line":29,"column":4},"end":{"line":29,"column":19}}},{"name":"accounts","type":"property","loc":{"start":{"line":30,"column":4},"end":{"line":30,"column":13}}},{"name":"error","type":"property","loc":{"start":{"line":31,"column":4},"end":{"line":31,"column":10}}},{"name":"value","type":"property","loc":{"start":{"line":32,"column":4},"end":{"line":32,"column":10}}},{"name":"clickHandler","type":"method","loc":{"start":{"line":33,"column":4},"end":{"line":39,"column":5}}},{"name":"changeHandler","type":"method","loc":{"start":{"line":41,"column":4},"end":{"line":43,"column":5}}}],"declarationLoc":{"start":{"line":11,"column":0},"end":{"line":45,"column":1}},"doc":"","exports":[{"type":"ExportDefaultDeclaration"}]},"updatedAt":"2024-07-22T09:46:17.091Z"},{"_allAttributes":{"publicAttributes":[],"privateAttributes":[{"name":"greeting","memberType":0,"location":{"uri":"file:///c%3A/Users/mohit.kapoor/Documents/pracIn/pracint/force-app/main/default/lwc/parent/parent.js","range":{"start":{"line":3,"character":4},"end":{"line":3,"character":29}}},"detail":"LWC custom attribute"},{"name":"user-detail","memberType":0,"location":{"uri":"file:///c%3A/Users/mohit.kapoor/Documents/pracIn/pracint/force-app/main/default/lwc/parent/parent.js","range":{"start":{"line":4,"character":4},"end":{"line":8,"character":6}}},"detail":"LWC custom attribute"},{"name":"message","memberType":0,"location":{"uri":"file:///c%3A/Users/mohit.kapoor/Documents/pracIn/pracint/force-app/main/default/lwc/parent/parent.js","range":{"start":{"line":10,"character":4},"end":{"line":10,"character":26}}},"detail":"LWC custom attribute"}]},"_properties":null,"_methods":[],"file":"c:/Users/mohit.kapoor/Documents/pracIn/pracint/force-app/main/default/lwc/parent/parent.js","metadata":{"decorators":[],"classMembers":[{"name":"greeting","type":"property","value":{"type":"string","value":"Welcome Mohit"},"loc":{"start":{"line":4,"column":4},"end":{"line":4,"column":29}}},{"name":"userDetail","type":"property","value":{"type":"object","value":{"firstname":{"type":"string","value":"jai"},"lastname":{"type":"string","value":"Kumar"}}},"loc":{"start":{"line":5,"column":4},"end":{"line":9,"column":6}}},{"name":"message","type":"property","value":{"type":"string","value":"User Detail"},"loc":{"start":{"line":11,"column":4},"end":{"line":11,"column":26}}}],"declarationLoc":{"start":{"line":3,"column":0},"end":{"line":12,"column":1}},"doc":"","exports":[{"type":"ExportDefaultDeclaration"}]},"updatedAt":"2024-07-20T10:01:50.278Z"},{"_allAttributes":{"publicAttributes":[],"privateAttributes":[{"name":"fruits","memberType":0,"location":{"uri":"file:///c%3A/Users/mohit.kapoor/Documents/pracIn/pracint/force-app/main/default/lwc/renderListDemo/renderListDemo.js","range":{"start":{"line":4,"character":4},"end":{"line":4,"character":38}}},"detail":"LWC custom attribute"},{"name":"contact-data","memberType":0,"location":{"uri":"file:///c%3A/Users/mohit.kapoor/Documents/pracIn/pracint/force-app/main/default/lwc/renderListDemo/renderListDemo.js","range":{"start":{"line":6,"character":4},"end":{"line":23,"character":6}}},"detail":"LWC custom attribute"}]},"_properties":null,"_methods":[],"file":"c:/Users/mohit.kapoor/Documents/pracIn/pracint/force-app/main/default/lwc/renderListDemo/renderListDemo.js","metadata":{"decorators":[],"classMembers":[{"name":"fruits","type":"property","loc":{"start":{"line":5,"column":4},"end":{"line":5,"column":38}}},{"name":"contactData","type":"property","loc":{"start":{"line":7,"column":4},"end":{"line":24,"column":6}}}],"declarationLoc":{"start":{"line":3,"column":0},"end":{"line":26,"column":1}},"doc":"","exports":[{"type":"ExportDefaultDeclaration"}]},"updatedAt":"2024-07-20T12:42:13.621Z"},{"_allAttributes":{"publicAttributes":[],"privateAttributes":[{"name":"accounts-data","memberType":0,"location":{"uri":"file:///c%3A/Users/mohit.kapoor/Documents/pracIn/pracint/force-app/main/default/lwc/wireDecoratorproperty/wireDecoratorproperty.js","range":{"start":{"line":10,"character":4},"end":{"line":10,"character":17}}},"detail":"LWC custom attribute"},{"name":"error","memberType":0,"location":{"uri":"file:///c%3A/Users/mohit.kapoor/Documents/pracIn/pracint/force-app/main/default/lwc/wireDecoratorproperty/wireDecoratorproperty.js","range":{"start":{"line":11,"character":4},"end":{"line":11,"character":10}}},"detail":"LWC custom attribute"},{"name":"columns","memberType":0,"location":{"uri":"file:///c%3A/Users/mohit.kapoor/Documents/pracIn/pracint/force-app/main/default/lwc/wireDecoratorproperty/wireDecoratorproperty.js","range":{"start":{"line":12,"character":4},"end":{"line":12,"character":22}}},"detail":"LWC custom attribute"}]},"_properties":null,"_methods":[{"name":"accountsData1","type":"method","decorator":"wire","loc":{"start":{"line":17,"column":4},"end":{"line":41,"column":5}}}],"file":"c:/Users/mohit.kapoor/Documents/pracIn/pracint/force-app/main/default/lwc/wireDecoratorproperty/wireDecoratorproperty.js","metadata":{"decorators":[{"type":"wire","targets":[{"type":"method","name":"accountsData1","static":{},"params":{},"adapter":{"name":"getAccountList","reference":"@salesforce/apex/AccountHelper.getAccountList"}}]}],"classMembers":[{"name":"accountsData","type":"property","loc":{"start":{"line":11,"column":4},"end":{"line":11,"column":17}}},{"name":"error","type":"property","loc":{"start":{"line":12,"column":4},"end":{"line":12,"column":10}}},{"name":"columns","type":"property","loc":{"start":{"line":13,"column":4},"end":{"line":13,"column":22}}},{"name":"accountsData1","type":"method","decorator":"wire","loc":{"start":{"line":17,"column":4},"end":{"line":41,"column":5}}}],"declarationLoc":{"start":{"line":9,"column":0},"end":{"line":43,"column":1}},"doc":"","exports":[{"type":"ExportDefaultDeclaration"}]},"updatedAt":"2024-07-21T07:50:57.044Z"},{"_allAttributes":{"publicAttributes":[],"privateAttributes":[{"name":"show-alert","memberType":0,"decorator":1,"location":{"uri":"file:///c%3A/Users/mohit.kapoor/Documents/pracIn/pracint/force-app/main/default/lwc/alertComponent/alertComponent.js","range":{"start":{"line":3,"character":4},"end":{"line":3,"character":29}}},"detail":"LWC custom attribute"}]},"_properties":null,"_methods":[{"name":"connectedCallback","type":"method","loc":{"start":{"line":6,"column":4},"end":{"line":9,"column":5}}},{"name":"closeAlert","type":"method","loc":{"start":{"line":11,"column":4},"end":{"line":13,"column":5}}}],"file":"c:/Users/mohit.kapoor/Documents/pracIn/pracint/force-app/main/default/lwc/alertComponent/alertComponent.js","metadata":{"decorators":[{"type":"track","targets":[{"name":"showAlert","type":"property"}]}],"classMembers":[{"name":"showAlert","type":"property","value":{"type":"boolean","value":false},"decorator":"track","loc":{"start":{"line":4,"column":4},"end":{"line":4,"column":29}}},{"name":"connectedCallback","type":"method","loc":{"start":{"line":6,"column":4},"end":{"line":9,"column":5}}},{"name":"closeAlert","type":"method","loc":{"start":{"line":11,"column":4},"end":{"line":13,"column":5}}}],"declarationLoc":{"start":{"line":3,"column":0},"end":{"line":14,"column":1}},"doc":"","exports":[{"type":"ExportDefaultDeclaration"}]},"updatedAt":"2024-07-28T08:29:08.363Z"},{"_allAttributes":{"publicAttributes":[],"privateAttributes":[]},"_properties":null,"_methods":[{"name":"clickHandler","type":"method","loc":{"start":{"line":5,"column":4},"end":{"line":11,"column":5}}}],"file":"c:/Users/mohit.kapoor/Documents/pracIn/pracint/force-app/main/default/lwc/childComposition/childComposition.js","metadata":{"decorators":[],"classMembers":[{"name":"clickHandler","type":"method","loc":{"start":{"line":5,"column":4},"end":{"line":11,"column":5}}}],"declarationLoc":{"start":{"line":3,"column":0},"end":{"line":12,"column":1}},"doc":"","exports":[{"type":"ExportDefaultDeclaration"}]},"updatedAt":"2024-07-26T09:45:19.469Z"},{"_allAttributes":{"publicAttributes":[],"privateAttributes":[]},"_properties":null,"_methods":[],"file":"c:/Users/mohit.kapoor/Documents/pracIn/pracint/force-app/main/default/lwc/childCustomEventDemo/childCustomEventDemo.js","metadata":{"decorators":[],"classMembers":[],"declarationLoc":{"start":{"line":4,"column":0},"end":{"line":6,"column":1}},"doc":"","exports":[{"type":"ExportDefaultDeclaration"}]},"updatedAt":"2024-07-26T07:43:22.163Z"},{"_allAttributes":{"publicAttributes":[{"name":"contact","memberType":0,"decorator":0,"location":{"uri":"file:///c%3A/Users/mohit.kapoor/Documents/pracIn/pracint/force-app/main/default/lwc/contactItem/contactItem.js","range":{"start":{"line":4,"character":4},"end":{"line":4,"character":17}}},"detail":"LWC custom attribute"}],"privateAttributes":[]},"_properties":null,"_methods":[{"name":"clickHandler","type":"method","loc":{"start":{"line":7,"column":4},"end":{"line":14,"column":5}}}],"file":"c:/Users/mohit.kapoor/Documents/pracIn/pracint/force-app/main/default/lwc/contactItem/contactItem.js","metadata":{"decorators":[{"type":"api","targets":[{"name":"contact","type":"property","value":{"type":"unresolved"}}]}],"classMembers":[{"name":"contact","type":"property","value":{"type":"unresolved"},"decorator":"api","loc":{"start":{"line":5,"column":4},"end":{"line":5,"column":17}}},{"name":"clickHandler","type":"method","loc":{"start":{"line":7,"column":4},"end":{"line":14,"column":5}}}],"declarationLoc":{"start":{"line":3,"column":0},"end":{"line":15,"column":1}},"doc":"","exports":[{"type":"ExportDefaultDeclaration"}]},"updatedAt":"2024-07-26T08:32:54.930Z"},{"_allAttributes":{"publicAttributes":[],"privateAttributes":[{"name":"contacts","memberType":0,"location":{"uri":"file:///c%3A/Users/mohit.kapoor/Documents/pracIn/pracint/force-app/main/default/lwc/contactList/contactList.js","range":{"start":{"line":4,"character":1},"end":{"line":5,"character":10}}},"detail":"LWC custom attribute"},{"name":"selected-contacts","memberType":0,"location":{"uri":"file:///c%3A/Users/mohit.kapoor/Documents/pracIn/pracint/force-app/main/default/lwc/contactList/contactList.js","range":{"start":{"line":6,"character":1},"end":{"line":6,"character":18}}},"detail":"LWC custom attribute"}]},"_properties":null,"_methods":[{"name":"selectionHandler","type":"method","loc":{"start":{"line":9,"column":1},"end":{"line":13,"column":2}}}],"file":"c:/Users/mohit.kapoor/Documents/pracIn/pracint/force-app/main/default/lwc/contactList/contactList.js","metadata":{"decorators":[{"type":"wire","targets":[{"name":"contacts","type":"property","static":{},"params":{},"adapter":{"name":"getContactList","reference":"@salesforce/apex/ContactController.getContactList"}}]}],"classMembers":[{"name":"contacts","type":"property","decorator":"wire","loc":{"start":{"line":5,"column":1},"end":{"line":6,"column":10}}},{"name":"selectedContacts","type":"property","loc":{"start":{"line":7,"column":1},"end":{"line":7,"column":18}}},{"name":"selectionHandler","type":"method","loc":{"start":{"line":9,"column":1},"end":{"line":13,"column":2}}}],"declarationLoc":{"start":{"line":3,"column":0},"end":{"line":15,"column":1}},"doc":"","exports":[{"type":"ExportDefaultDeclaration"}]},"updatedAt":"2024-07-26T08:36:31.441Z"},{"_allAttributes":{"publicAttributes":[],"privateAttributes":[]},"_properties":null,"_methods":[{"name":"fireChildHandler","type":"method","loc":{"start":{"line":4,"column":4},"end":{"line":6,"column":5}}}],"file":"c:/Users/mohit.kapoor/Documents/pracIn/pracint/force-app/main/default/lwc/grandParentComposition/grandParentComposition.js","metadata":{"decorators":[],"classMembers":[{"name":"fireChildHandler","type":"method","loc":{"start":{"line":4,"column":4},"end":{"line":6,"column":5}}}],"declarationLoc":{"start":{"line":3,"column":0},"end":{"line":7,"column":1}},"doc":"","exports":[{"type":"ExportDefaultDeclaration"}]},"updatedAt":"2024-07-26T09:42:14.370Z"},{"_allAttributes":{"publicAttributes":[],"privateAttributes":[]},"_properties":null,"_methods":[],"file":"c:/Users/mohit.kapoor/Documents/pracIn/pracint/force-app/main/default/lwc/infiniteLoadController/infiniteLoadController.js","metadata":{"decorators":[],"classMembers":[],"declarationLoc":{"start":{"line":3,"column":0},"end":{"line":3,"column":71}},"doc":"","exports":[{"type":"ExportDefaultDeclaration"}]},"updatedAt":"2024-07-28T11:26:38.994Z"},{"_allAttributes":{"publicAttributes":[],"privateAttributes":[{"name":"data","memberType":0,"location":{"uri":"file:///c%3A/Users/mohit.kapoor/Documents/pracIn/pracint/force-app/main/default/lwc/infiniteLoadDataTable/infiniteLoadDataTable.js","range":{"start":{"line":11,"character":4},"end":{"line":11,"character":12}}},"detail":"LWC custom attribute"},{"name":"columns","memberType":0,"location":{"uri":"file:///c%3A/Users/mohit.kapoor/Documents/pracIn/pracint/force-app/main/default/lwc/infiniteLoadDataTable/infiniteLoadDataTable.js","range":{"start":{"line":12,"character":4},"end":{"line":12,"character":20}}},"detail":"LWC custom attribute"},{"name":"total-records","memberType":0,"location":{"uri":"file:///c%3A/Users/mohit.kapoor/Documents/pracIn/pracint/force-app/main/default/lwc/infiniteLoadDataTable/infiniteLoadDataTable.js","range":{"start":{"line":13,"character":4},"end":{"line":13,"character":19}}},"detail":"LWC custom attribute"},{"name":"record-loaded","memberType":0,"location":{"uri":"file:///c%3A/Users/mohit.kapoor/Documents/pracIn/pracint/force-app/main/default/lwc/infiniteLoadDataTable/infiniteLoadDataTable.js","range":{"start":{"line":14,"character":4},"end":{"line":14,"character":19}}},"detail":"LWC custom attribute"}]},"_properties":null,"_methods":[{"name":"connectedCallback","type":"method","loc":{"start":{"line":17,"column":4},"end":{"line":19,"column":5}}},{"name":"loadData","type":"method","loc":{"start":{"line":20,"column":4},"end":{"line":29,"column":5}}},{"name":"loadMoreData","type":"method","loc":{"start":{"line":30,"column":4},"end":{"line":47,"column":5}}}],"file":"c:/Users/mohit.kapoor/Documents/pracIn/pracint/force-app/main/default/lwc/infiniteLoadDataTable/infiniteLoadDataTable.js","metadata":{"decorators":[],"classMembers":[{"name":"data","type":"property","loc":{"start":{"line":12,"column":4},"end":{"line":12,"column":12}}},{"name":"columns","type":"property","loc":{"start":{"line":13,"column":4},"end":{"line":13,"column":20}}},{"name":"totalRecords","type":"property","loc":{"start":{"line":14,"column":4},"end":{"line":14,"column":19}}},{"name":"recordLoaded","type":"property","loc":{"start":{"line":15,"column":4},"end":{"line":15,"column":19}}},{"name":"connectedCallback","type":"method","loc":{"start":{"line":17,"column":4},"end":{"line":19,"column":5}}},{"name":"loadData","type":"method","loc":{"start":{"line":20,"column":4},"end":{"line":29,"column":5}}},{"name":"loadMoreData","type":"method","loc":{"start":{"line":30,"column":4},"end":{"line":47,"column":5}}}],"declarationLoc":{"start":{"line":10,"column":0},"end":{"line":49,"column":1}},"doc":"","exports":[{"type":"ExportDefaultDeclaration"}]},"updatedAt":"2024-07-28T11:54:05.622Z"},{"_allAttributes":{"publicAttributes":[],"privateAttributes":[]},"_properties":null,"_methods":[{"name":"fireChildHandler","type":"method","loc":{"start":{"line":5,"column":4},"end":{"line":7,"column":5}}},{"name":"fireChildDivHandler","type":"method","loc":{"start":{"line":9,"column":4},"end":{"line":11,"column":5}}}],"file":"c:/Users/mohit.kapoor/Documents/pracIn/pracint/force-app/main/default/lwc/parentComposition/parentComposition.js","metadata":{"decorators":[],"classMembers":[{"name":"fireChildHandler","type":"method","loc":{"start":{"line":5,"column":4},"end":{"line":7,"column":5}}},{"name":"fireChildDivHandler","type":"method","loc":{"start":{"line":9,"column":4},"end":{"line":11,"column":5}}}],"declarationLoc":{"start":{"line":3,"column":0},"end":{"line":12,"column":1}},"doc":"","exports":[{"type":"ExportDefaultDeclaration"}]},"updatedAt":"2024-07-26T09:41:46.290Z"},{"_allAttributes":{"publicAttributes":[],"privateAttributes":[]},"_properties":null,"_methods":[],"file":"c:/Users/mohit.kapoor/Documents/pracIn/pracint/force-app/main/default/lwc/parentCustomEcentDemo/parentCustomEcentDemo.js","metadata":{"decorators":[],"classMembers":[],"declarationLoc":{"start":{"line":3,"column":0},"end":{"line":3,"column":70}},"doc":"","exports":[{"type":"ExportDefaultDeclaration"}]},"updatedAt":"2024-07-26T07:43:07.373Z"},{"_allAttributes":{"publicAttributes":[],"privateAttributes":[{"name":"message-context","memberType":0,"location":{"uri":"file:///c%3A/Users/mohit.kapoor/Documents/pracIn/pracint/force-app/main/default/lwc/pubCompnent/pubCompnent.js","range":{"start":{"line":5,"character":4},"end":{"line":6,"character":19}}},"detail":"LWC custom attribute"}]},"_properties":null,"_methods":[{"name":"publishData","type":"method","loc":{"start":{"line":9,"column":4},"end":{"line":15,"column":5}}}],"file":"c:/Users/mohit.kapoor/Documents/pracIn/pracint/force-app/main/default/lwc/pubCompnent/pubCompnent.js","metadata":{"decorators":[{"type":"wire","targets":[{"name":"messageContext","type":"property","static":{},"params":{},"adapter":{"name":"MessageContext","reference":"lightning/messageService"}}]}],"classMembers":[{"name":"messageContext","type":"property","decorator":"wire","loc":{"start":{"line":6,"column":4},"end":{"line":7,"column":19}}},{"name":"publishData","type":"method","loc":{"start":{"line":9,"column":4},"end":{"line":15,"column":5}}}],"declarationLoc":{"start":{"line":4,"column":0},"end":{"line":16,"column":1}},"doc":"","exports":[{"type":"ExportDefaultDeclaration"}]},"updatedAt":"2024-07-26T12:41:25.864Z"},{"_allAttributes":{"publicAttributes":[{"name":"record-id","memberType":0,"decorator":0,"location":{"uri":"file:///c%3A/Users/mohit.kapoor/Documents/pracIn/pracint/force-app/main/default/lwc/quickActionCaseCreation/quickActionCaseCreation.js","range":{"start":{"line":7,"character":4},"end":{"line":7,"character":18}}},"detail":"LWC custom attribute"}],"privateAttributes":[{"name":"object-api-name","memberType":0,"location":{"uri":"file:///c%3A/Users/mohit.kapoor/Documents/pracIn/pracint/force-app/main/default/lwc/quickActionCaseCreation/quickActionCaseCreation.js","range":{"start":{"line":8,"character":4},"end":{"line":8,"character":30}}},"detail":"LWC custom attribute"},{"name":"field-list","memberType":0,"location":{"uri":"file:///c%3A/Users/mohit.kapoor/Documents/pracIn/pracint/force-app/main/default/lwc/quickActionCaseCreation/quickActionCaseCreation.js","range":{"start":{"line":10,"character":4},"end":{"line":13,"character":5}}},"detail":"LWC custom attribute"}]},"_properties":null,"_methods":[{"name":"handlePanelOpen","type":"method","loc":{"start":{"line":15,"column":4},"end":{"line":18,"column":5}}},{"name":"handlePanelClose","type":"method","loc":{"start":{"line":20,"column":4},"end":{"line":24,"column":5}}},{"name":"closeModel","type":"method","loc":{"start":{"line":26,"column":4},"end":{"line":28,"column":8}}},{"name":"errorHandler","type":"method","loc":{"start":{"line":29,"column":4},"end":{"line":31,"column":5}}},{"name":"successHandler","type":"method","loc":{"start":{"line":32,"column":4},"end":{"line":35,"column":5}}},{"name":"submitHandler","type":"method","loc":{"start":{"line":36,"column":4},"end":{"line":43,"column":5}}},{"name":"showToast","type":"method","loc":{"start":{"line":45,"column":4},"end":{"line":52,"column":5}}},{"name":"resetHandler","type":"method","loc":{"start":{"line":54,"column":4},"end":{"line":57,"column":5}}}],"file":"c:/Users/mohit.kapoor/Documents/pracIn/pracint/force-app/main/default/lwc/quickActionCaseCreation/quickActionCaseCreation.js","metadata":{"decorators":[{"type":"api","targets":[{"name":"recordId","type":"property","value":{"type":"unresolved"}}]}],"classMembers":[{"name":"recordId","type":"property","value":{"type":"unresolved"},"decorator":"api","loc":{"start":{"line":8,"column":4},"end":{"line":8,"column":18}}},{"name":"objectApiName","type":"property","value":{"type":"unresolved"},"loc":{"start":{"line":9,"column":4},"end":{"line":9,"column":30}}},{"name":"fieldList","type":"property","value":{"type":"object","value":{"status":{"type":"unresolved"},"origin":{"type":"unresolved"}}},"loc":{"start":{"line":11,"column":4},"end":{"line":14,"column":5}}},{"name":"handlePanelOpen","type":"method","loc":{"start":{"line":15,"column":4},"end":{"line":18,"column":5}}},{"name":"handlePanelClose","type":"method","loc":{"start":{"line":20,"column":4},"end":{"line":24,"column":5}}},{"name":"closeModel","type":"method","loc":{"start":{"line":26,"column":4},"end":{"line":28,"column":8}}},{"name":"errorHandler","type":"method","loc":{"start":{"line":29,"column":4},"end":{"line":31,"column":5}}},{"name":"successHandler","type":"method","loc":{"start":{"line":32,"column":4},"end":{"line":35,"column":5}}},{"name":"submitHandler","type":"method","loc":{"start":{"line":36,"column":4},"end":{"line":43,"column":5}}},{"name":"showToast","type":"method","loc":{"start":{"line":45,"column":4},"end":{"line":52,"column":5}}},{"name":"resetHandler","type":"method","loc":{"start":{"line":54,"column":4},"end":{"line":57,"column":5}}}],"declarationLoc":{"start":{"line":7,"column":0},"end":{"line":58,"column":1}},"doc":"","exports":[{"type":"ExportDefaultDeclaration"}]},"updatedAt":"2024-08-01T12:27:35.223Z"},{"_allAttributes":{"publicAttributes":[{"name":"record-id","memberType":0,"decorator":0,"location":{"uri":"file:///c%3A/Users/mohit.kapoor/Documents/pracIn/pracint/force-app/main/default/lwc/recordForm/recordForm.js","range":{"start":{"line":4,"character":4},"end":{"line":4,"character":18}}},"detail":"LWC custom attribute"},{"name":"object-api-name","memberType":0,"decorator":0,"location":{"uri":"file:///c%3A/Users/mohit.kapoor/Documents/pracIn/pracint/force-app/main/default/lwc/recordForm/recordForm.js","range":{"start":{"line":5,"character":4},"end":{"line":5,"character":23}}},"detail":"LWC custom attribute"}],"privateAttributes":[]},"_properties":null,"_methods":[{"name":"navigateToRecordPage","type":"method","loc":{"start":{"line":9,"column":4},"end":{"line":19,"column":11}}}],"file":"c:/Users/mohit.kapoor/Documents/pracIn/pracint/force-app/main/default/lwc/recordForm/recordForm.js","metadata":{"decorators":[{"type":"api","targets":[{"name":"recordId","type":"property","value":{"type":"unresolved"}},{"name":"objectApiName","type":"property","value":{"type":"unresolved"}}]}],"classMembers":[{"name":"recordId","type":"property","value":{"type":"unresolved"},"decorator":"api","loc":{"start":{"line":5,"column":4},"end":{"line":5,"column":18}}},{"name":"objectApiName","type":"property","value":{"type":"unresolved"},"decorator":"api","loc":{"start":{"line":6,"column":4},"end":{"line":6,"column":23}}},{"name":"navigateToRecordPage","type":"method","loc":{"start":{"line":9,"column":4},"end":{"line":19,"column":11}}}],"declarationLoc":{"start":{"line":3,"column":0},"end":{"line":20,"column":9}},"doc":"","exports":[{"type":"ExportDefaultDeclaration"}]},"updatedAt":"2024-07-22T15:47:35.183Z"},{"_allAttributes":{"publicAttributes":[{"name":"record-id","memberType":0,"decorator":0,"location":{"uri":"file:///c%3A/Users/mohit.kapoor/Documents/pracIn/pracint/force-app/main/default/lwc/recordViewForm/recordViewForm.js","range":{"start":{"line":7,"character":4},"end":{"line":7,"character":18}}},"detail":"LWC custom attribute"},{"name":"object-api-name","memberType":0,"decorator":0,"location":{"uri":"file:///c%3A/Users/mohit.kapoor/Documents/pracIn/pracint/force-app/main/default/lwc/recordViewForm/recordViewForm.js","range":{"start":{"line":8,"character":4},"end":{"line":8,"character":23}}},"detail":"LWC custom attribute"}],"privateAttributes":[{"name":"fields-list","memberType":0,"location":{"uri":"file:///c%3A/Users/mohit.kapoor/Documents/pracIn/pracint/force-app/main/default/lwc/recordViewForm/recordViewForm.js","range":{"start":{"line":10,"character":4},"end":{"line":13,"character":5}}},"detail":"LWC custom attribute"},{"name":"fields","memberType":0,"location":{"uri":"file:///c%3A/Users/mohit.kapoor/Documents/pracIn/pracint/force-app/main/default/lwc/recordViewForm/recordViewForm.js","range":{"start":{"line":14,"character":4},"end":{"line":17,"character":6}}},"detail":"LWC custom attribute"}]},"_properties":null,"_methods":[{"name":"sucessHandler","type":"method","loc":{"start":{"line":20,"column":4},"end":{"line":30,"column":5}}},{"name":"errorHandler","type":"method","loc":{"start":{"line":32,"column":4},"end":{"line":41,"column":5}}},{"name":"submitHandler","type":"method","loc":{"start":{"line":43,"column":4},"end":{"line":50,"column":5}}},{"name":"clickHandler","type":"method","loc":{"start":{"line":52,"column":4},"end":{"line":56,"column":5}}}],"file":"c:/Users/mohit.kapoor/Documents/pracIn/pracint/force-app/main/default/lwc/recordViewForm/recordViewForm.js","metadata":{"decorators":[{"type":"api","targets":[{"name":"recordId","type":"property","value":{"type":"unresolved"}},{"name":"objectApiName","type":"property","value":{"type":"unresolved"}}]}],"classMembers":[{"name":"recordId","type":"property","value":{"type":"unresolved"},"decorator":"api","loc":{"start":{"line":8,"column":4},"end":{"line":8,"column":18}}},{"name":"objectApiName","type":"property","value":{"type":"unresolved"},"decorator":"api","loc":{"start":{"line":9,"column":4},"end":{"line":9,"column":23}}},{"name":"fieldsList","type":"property","value":{"type":"object","value":{"Name":{"type":"unresolved"},"Rating":{"type":"unresolved"}}},"loc":{"start":{"line":11,"column":4},"end":{"line":14,"column":5}}},{"name":"fields","type":"property","value":{"type":"object","value":{"name":{"type":"unresolved"},"industry":{"type":"unresolved"}}},"loc":{"start":{"line":15,"column":4},"end":{"line":18,"column":6}}},{"name":"sucessHandler","type":"method","loc":{"start":{"line":20,"column":4},"end":{"line":30,"column":5}}},{"name":"errorHandler","type":"method","loc":{"start":{"line":32,"column":4},"end":{"line":41,"column":5}}},{"name":"submitHandler","type":"method","loc":{"start":{"line":43,"column":4},"end":{"line":50,"column":5}}},{"name":"clickHandler","type":"method","loc":{"start":{"line":52,"column":4},"end":{"line":56,"column":5}}}],"declarationLoc":{"start":{"line":7,"column":0},"end":{"line":73,"column":1}},"doc":"","exports":[{"type":"ExportDefaultDeclaration"}]},"updatedAt":"2024-07-23T08:18:19.511Z"},{"_allAttributes":{"publicAttributes":[],"privateAttributes":[{"name":"subscription","memberType":0,"location":{"uri":"file:///c%3A/Users/mohit.kapoor/Documents/pracIn/pracint/force-app/main/default/lwc/subscribeComponent/subscribeComponent.js","range":{"start":{"line":5,"character":4},"end":{"line":5,"character":22}}},"detail":"LWC custom attribute"},{"name":"f-name","memberType":0,"location":{"uri":"file:///c%3A/Users/mohit.kapoor/Documents/pracIn/pracint/force-app/main/default/lwc/subscribeComponent/subscribeComponent.js","range":{"start":{"line":6,"character":4},"end":{"line":6,"character":13}}},"detail":"LWC custom attribute"},{"name":"l-name","memberType":0,"location":{"uri":"file:///c%3A/Users/mohit.kapoor/Documents/pracIn/pracint/force-app/main/default/lwc/subscribeComponent/subscribeComponent.js","range":{"start":{"line":7,"character":4},"end":{"line":7,"character":13}}},"detail":"LWC custom attribute"},{"name":"message-context","memberType":0,"location":{"uri":"file:///c%3A/Users/mohit.kapoor/Documents/pracIn/pracint/force-app/main/default/lwc/subscribeComponent/subscribeComponent.js","range":{"start":{"line":9,"character":4},"end":{"line":10,"character":19}}},"detail":"LWC custom attribute"}]},"_properties":null,"_methods":[{"name":"connectedCallback","type":"method","loc":{"start":{"line":13,"column":4},"end":{"line":16,"column":5}}},{"name":"callData","type":"method","loc":{"start":{"line":18,"column":4},"end":{"line":22,"column":5}}},{"name":"disconnectedCallback","type":"method","loc":{"start":{"line":24,"column":0},"end":{"line":27,"column":1}}}],"file":"c:/Users/mohit.kapoor/Documents/pracIn/pracint/force-app/main/default/lwc/subscribeComponent/subscribeComponent.js","metadata":{"decorators":[{"type":"wire","targets":[{"name":"messageContext","type":"property","static":{},"params":{},"adapter":{"name":"MessageContext","reference":"lightning/messageService"}}]}],"classMembers":[{"name":"subscription","type":"property","value":{"type":"null","value":null},"loc":{"start":{"line":6,"column":4},"end":{"line":6,"column":22}}},{"name":"fName","type":"property","value":{"type":"string","value":""},"loc":{"start":{"line":7,"column":4},"end":{"line":7,"column":13}}},{"name":"lName","type":"property","value":{"type":"string","value":""},"loc":{"start":{"line":8,"column":4},"end":{"line":8,"column":13}}},{"name":"messageContext","type":"property","decorator":"wire","loc":{"start":{"line":10,"column":4},"end":{"line":11,"column":19}}},{"name":"connectedCallback","type":"method","loc":{"start":{"line":13,"column":4},"end":{"line":16,"column":5}}},{"name":"callData","type":"method","loc":{"start":{"line":18,"column":4},"end":{"line":22,"column":5}}},{"name":"disconnectedCallback","type":"method","loc":{"start":{"line":24,"column":0},"end":{"line":27,"column":1}}}],"declarationLoc":{"start":{"line":4,"column":0},"end":{"line":29,"column":1}},"doc":"","exports":[{"type":"ExportDefaultDeclaration"}]},"updatedAt":"2024-07-26T12:59:32.150Z"}]