<?xml version="1.0" encoding="UTF-8"?>
<LightningComponentBundle xmlns="http://soap.sforce.com/2006/04/metadata">
   <apiVersion>62.0</apiVersion>
	<isExposed>true</isExposed>
	<targets>
		<target>lightning__AppPage</target>
	</targets>
	<targetConfigs>
        <targetConfig targets="lightning__AppPage">
            <property name="title" label="Title" type="String" description ="Enter the title." />
            <property name="objectName" label="Define object name" type="String" description ="Enter object name on which page this component ie being added" />
            <property name="fields" label="Define object fields" type="String" description ="Enter object fields in comma seperated string on which page this component ie being added" />
            <property name="whereClause" label="Define where clause" type="String" description ="Enter where clause to get data for specific field" />
    
        </targetConfig>
    </targetConfigs>
</LightningComponentBundle>