<?xml version="1.0"?>
<LightningComponentBundle xmlns="http://soap.sforce.com/2006/04/metadata">
	<apiVersion>62.0</apiVersion>
	<isExposed>true</isExposed>
	<targets>
		<target>lightning__RecordPage</target>
	</targets>
	<targetConfigs>
        <targetConfig targets="lightning__RecordPage">
            <property name="title" label="Title" type="String" description ="Enter the title." />
            <property name="objectName" label="Define object API name" type="String" description ="Enter object name on which page this component ie being added." />
			<property name="fields" label="Define object field with API name" type="String" description ="Enter object fields on which page this component ie being added." />
        </targetConfig>
    </targetConfigs>
</LightningComponentBundle>