<?xml version="1.0" encoding="UTF-8"?>
<LightningComponentBundle xmlns="http://soap.sforce.com/2006/04/metadata">
    <apiVersion>58.0</apiVersion>
    <isExposed>true</isExposed>
    <targets>
        <target>lightning__FlowScreen</target>
    </targets>
    <targetConfigs>
    <targetConfig targets="lightning__FlowScreen">
     <property name="inputNumber1" type="String" label="Input Number 1" role="inputOnly"/>
     <property name="inputNumber2" type="String" label="Input Number 2" role="inputOnly"/>
  <property name="outputResult" type="String" label="output Result" role="outputOnly"/>
    </targetConfig>
    </targetConfigs>
</LightningComponentBundle>