<?xml version="1.0"?>
<LightningComponentBundle xmlns="http://soap.sforce.com/2006/04/metadata">
	<masterLabel>rfiCaseAdditionalInfo</masterLabel>
	<apiVersion>60.0</apiVersion>
	<description>rfiCaseAdditionalInfo</description>
	<isExposed>true</isExposed>
	<targets>
		<target>lightning__AppPage</target>
		<target>lightning__HomePage</target>
		<target>lightning__RecordPage</target>
	</targets>
	<targetConfigs>
        <targetConfig targets="lightning__RecordPage">
			<property name="targetPagelayoutName" label="Page Layout Name" type="String" description ="Page Layout Api Name"/>
            <property name="targetObjectApiName" label="Target Object Api Name" type="String" description ="Target Object Api Name"/>
			<property name="filterFieldApiName" label="Filter Field Api Name" type="String" description ="Filter Field Api Name"/>
			<property name="execludePageLayoutSection" label="Execlude Page Layout Section" type="String" description ="Comma seprated senction name"/>
			<property name="execludeFields" label="Execlude fields" type="String" description ="Comma seprated fields name"/>
			<property name="activeSections" label="Active Section" type="String" description ="Comma seprated section name"/>
			<property name="successMessage" label="Success Message" type="String" description ="Success Message"/>
			<property name="headerTitle" label="Header Title" type="String" description ="Header Title"/>
			<property name="columnSize" label="Column Size" type="String" description ="Column Size"/>
        </targetConfig>
    </targetConfigs>
</LightningComponentBundle>