<?xml version="1.0"?>
<LightningComponentBundle xmlns="http://soap.sforce.com/2006/04/metadata">
	<apiVersion>57.0</apiVersion>
	<isExposed>true</isExposed>
	<targets>
		<target>lightning__RecordPage</target>
	</targets>
	<targetConfigs>
        <targetConfig targets="lightning__RecordPage">
            <supportedFormFactors>
                <supportedFormFactor type="Large" /> 
                <supportedFormFactor type="Small" />
            </supportedFormFactors>
        </targetConfig>
    </targetConfigs>
</LightningComponentBundle>