<?xml version="1.0" encoding="UTF-8"?>
<LightningComponentBundle xmlns="http://soap.sforce.com/2006/04/metadata">
    <apiVersion>52.0</apiVersion>
    <isExposed>true</isExposed>
    <targets>
        <target>lightning__RecordPage</target>
    </targets>
    <targetConfigs>
        <targetConfig targets="lightning__RecordPage">
            <property name="title" label="Title" type="String" />
            <property name="metadataRecordApiName" label="Custom Metadata Record API Name" type="String" />
            <property name="filterCriteria" label="Filter Criteria" type="String" />
        </targetConfig>
    </targetConfigs>
</LightningComponentBundle>