<?xml version="1.0" encoding="UTF-8"?>
<LightningComponentBundle xmlns="http://soap.sforce.com/2006/04/metadata">
    <apiVersion>52.0</apiVersion>
    <isExposed>true</isExposed>
    <targets>
        <target>lightning__RecordPage</target>
    </targets>
    <targetConfigs>
        <targetConfig targets="lightning__RecordPage">
            <property name="readOnly" label="Read Only" type="Boolean" description ="To hide/show the Search,Add and delete button."  />
            <property name="title" label="Title" type="String" description ="Enter the title." />
            <property name="metadataRecordApiName" label="Custom Metadata Record API Name" type="String" description ="Enter the Custom metadata record Developer name." />
            <property name="filterCriteria" label="Filter Criteria" type="String" description ="Enter the Filter criteria in the form of soql where clause" />
            <property name="stakeholdertype" label="Stakeholder Type" type="String" description ="Enter the meeting object criteria" />
            <property name="relatedname" label="Related Name" type="String" description ="Enter the related name i.e Action" />
            <property name="removeAddButtom" label="Remove Add button" type="Boolean" description ="To hide/show the Add button" />

        </targetConfig>
    </targetConfigs>
</LightningComponentBundle>