<?xml version="1.0" encoding="UTF-8"?>
<ApexClass xmlns="http://soap.sforce.com/2006/04/metadata">
    <apiVersion>35.0</apiVersion>
    <packageVersions>
        <majorNumber>1</majorNumber>
        <minorNumber>361</minorNumber>
        <namespace>cscfga</namespace>
    </packageVersions>
    <packageVersions>
        <majorNumber>1</majorNumber>
        <minorNumber>18</minorNumber>
        <namespace>csord</namespace>
    </packageVersions>
    <packageVersions>
        <majorNumber>1</majorNumber>
        <minorNumber>86</minorNumber>
        <namespace>csordtelcoa</namespace>
    </packageVersions>
    <status>Active</status>
</ApexClass>
