<?xml version="1.0" encoding="UTF-8"?>
<ApexTrigger xmlns="http://soap.sforce.com/2006/04/metadata">
    <apiVersion>27.0</apiVersion>
    <packageVersions>
        <majorNumber>1</majorNumber>
        <minorNumber>15</minorNumber>
        <namespace>csord</namespace>
    </packageVersions>
    <packageVersions>
        <majorNumber>1</majorNumber>
        <minorNumber>8</minorNumber>
        <namespace>csordcb</namespace>
    </packageVersions>
    <status>Active</status>
</ApexTrigger>
