<?xml version="1.0" encoding="UTF-8"?>
<ApexComponent xmlns="http://soap.sforce.com/2006/04/metadata">
    <apiVersion>45.0</apiVersion>
    <label>cunstructorDemo_css</label>
    <packageVersions>
        <majorNumber>1</majorNumber>
        <minorNumber>14</minorNumber>
        <namespace>GS_LXPartner</namespace>
    </packageVersions>
    <packageVersions>
        <majorNumber>11</majorNumber>
        <minorNumber>2</minorNumber>
        <namespace>ca_collab_2_0</namespace>
    </packageVersions>
    <packageVersions>
        <majorNumber>1</majorNumber>
        <minorNumber>9</minorNumber>
        <namespace>ltngsharing</namespace>
    </packageVersions>
    <packageVersions>
        <majorNumber>216</majorNumber>
        <minorNumber>3</minorNumber>
        <namespace>mcdm_15</namespace>
    </packageVersions>
    <packageVersions>
        <majorNumber>1</majorNumber>
        <minorNumber>7</minorNumber>
        <namespace>sf_com_apps</namespace>
    </packageVersions>
    <packageVersions>
        <majorNumber>1</majorNumber>
        <minorNumber>46</minorNumber>
        <namespace>trailheadapp</namespace>
    </packageVersions>
</ApexComponent>
