[{"_allAttributes":null,"_properties":null,"_methods":null,"file":"c:/Users/mohit.kapoor/Documents/PracticeLwcData/force-app/main/default/lwc/createAccount/createAccount.js","metadata":{"decorators":[{"type":"track","targets":[{"name":"accountDetails","type":"property"}]}],"classMembers":[{"name":"accountDetails","type":"property","value":{"type":"object","value":{}},"decorator":"track","loc":{"start":{"line":5,"column":4},"end":{"line":8,"column":5}}},{"name":"changeHandler","type":"method","loc":{"start":{"line":11,"column":4},"end":{"line":15,"column":5}}},{"name":"createAccountHandler","type":"method","loc":{"start":{"line":17,"column":4},"end":{"line":23,"column":5}}},{"name":"messageShow","type":"method","loc":{"start":{"line":25,"column":4},"end":{"line":32,"column":5}}},{"name":"resetHandler","type":"method","loc":{"start":{"line":33,"column":4},"end":{"line":38,"column":5}}}],"declarationLoc":{"start":{"line":4,"column":0},"end":{"line":40,"column":1}},"doc":"","exports":[{"type":"ExportDefaultDeclaration"}]},"updatedAt":"2024-09-04T17:01:04.036Z"},{"_allAttributes":null,"_properties":null,"_methods":null,"file":"c:/Users/mohit.kapoor/Documents/PracticeLwcData/force-app/main/default/lwc/displayAccountData/displayAccountData.js","metadata":{"decorators":[],"classMembers":[{"name":"accountId","type":"property","loc":{"start":{"line":3,"column":4},"end":{"line":3,"column":14}}},{"name":"handleChange","type":"method","loc":{"start":{"line":4,"column":4},"end":{"line":7,"column":5}}}],"declarationLoc":{"start":{"line":2,"column":0},"end":{"line":9,"column":1}},"doc":"","exports":[{"type":"ExportDefaultDeclaration"}]},"updatedAt":"2024-09-05T10:06:49.953Z"},{"_allAttributes":null,"_properties":null,"_methods":null,"file":"c:/Users/mohit.kapoor/Documents/PracticeLwcData/force-app/main/default/lwc/displayContact/displayContact.js","metadata":{"decorators":[{"type":"api","targets":[{"type":"method","name":"fetchAccountId"}]},{"type":"wire","targets":[{"type":"method","name":"contactData","static":{},"params":{"accId":"accountId"},"adapter":{"name":"getContactsList","reference":"@salesforce/apex/AccountDataController.getContacts"}}]}],"classMembers":[{"name":"columns","type":"property","loc":{"start":{"line":5,"column":4},"end":{"line":10,"column":5}}},{"name":"accountId","type":"property","loc":{"start":{"line":11,"column":4},"end":{"line":11,"column":14}}},{"name":"contactList","type":"property","loc":{"start":{"line":12,"column":4},"end":{"line":12,"column":19}}},{"name":"contactNotFound","type":"property","loc":{"start":{"line":13,"column":4},"end":{"line":13,"column":20}}},{"name":"fetchAccountId","type":"method","decorator":"api","loc":{"start":{"line":14,"column":4},"end":{"line":18,"column":5}}},{"name":"contactData","type":"method","decorator":"wire","loc":{"start":{"line":20,"column":4},"end":{"line":50,"column":5}}},{"name":"notFountCSS","type":"property","loc":{"start":{"line":52,"column":4},"end":{"line":54,"column":5}}}],"declarationLoc":{"start":{"line":3,"column":0},"end":{"line":55,"column":1}},"doc":"","exports":[{"type":"ExportDefaultDeclaration"}]},"updatedAt":"2024-09-07T12:16:16.603Z"},{"_allAttributes":null,"_properties":null,"_methods":null,"file":"c:/Users/mohit.kapoor/Documents/PracticeLwcData/force-app/main/default/lwc/fetchAccount/fetchAccount.js","metadata":{"decorators":[],"classMembers":[{"name":"accountId","type":"property","loc":{"start":{"line":5,"column":3},"end":{"line":5,"column":13}}},{"name":"accountList","type":"property","loc":{"start":{"line":6,"column":3},"end":{"line":6,"column":18}}},{"name":"connectedCallback","type":"method","loc":{"start":{"line":7,"column":4},"end":{"line":17,"column":5}}},{"name":"handleChange","type":"method","loc":{"start":{"line":19,"column":4},"end":{"line":33,"column":5}}}],"declarationLoc":{"start":{"line":3,"column":0},"end":{"line":34,"column":1}},"doc":"","exports":[{"type":"ExportDefaultDeclaration"}]},"updatedAt":"2024-09-07T12:18:38.666Z"},{"_allAttributes":null,"_properties":null,"_methods":null,"file":"c:/Users/mohit.kapoor/Documents/PracticeLwcData/force-app/main/default/lwc/fetchRelatedContactsWithoutApex/fetchRelatedContactsWithoutApex.js","metadata":{"decorators":[{"type":"api","targets":[{"name":"recordId","type":"property","value":{"type":"unresolved"}}]},{"type":"wire","targets":[{"type":"method","name":"accountHandler","static":{"fields":{"type":"array","value":[null,null,null,null]}},"params":{"recordId":"recordId"},"adapter":{"name":"getRecord","reference":"lightning/uiRecordApi"}}]}],"classMembers":[{"name":"recordId","type":"property","value":{"type":"unresolved"},"decorator":"api","loc":{"start":{"line":16,"column":3},"end":{"line":16,"column":17}}},{"name":"contacts","type":"property","loc":{"start":{"line":18,"column":4},"end":{"line":18,"column":13}}},{"name":"error","type":"property","loc":{"start":{"line":19,"column":4},"end":{"line":19,"column":10}}},{"name":"columns","type":"property","loc":{"start":{"line":20,"column":4},"end":{"line":20,"column":22}}},{"name":"accountHandler","type":"method","decorator":"wire","loc":{"start":{"line":22,"column":4},"end":{"line":41,"column":5}}}],"declarationLoc":{"start":{"line":13,"column":0},"end":{"line":42,"column":1}},"doc":"","exports":[{"type":"ExportDefaultDeclaration"}]},"updatedAt":"2024-09-07T09:35:16.677Z"},{"_allAttributes":null,"_properties":null,"_methods":null,"file":"c:/Users/mohit.kapoor/Documents/PracticeLwcData/force-app/main/default/lwc/callLwcintoFlow/callLwcintoFlow.js","metadata":{"decorators":[{"type":"api","targets":[{"name":"fName","type":"property","value":{"type":"unresolved"}},{"name":"lName","type":"property","value":{"type":"unresolved"}}]}],"classMembers":[{"name":"fName","type":"property","value":{"type":"unresolved"},"decorator":"api","loc":{"start":{"line":5,"column":3},"end":{"line":5,"column":14}}},{"name":"lName","type":"property","value":{"type":"unresolved"},"decorator":"api","loc":{"start":{"line":6,"column":3},"end":{"line":6,"column":14}}},{"name":"handleChange","type":"method","loc":{"start":{"line":8,"column":3},"end":{"line":13,"column":1}}}],"declarationLoc":{"start":{"line":3,"column":0},"end":{"line":14,"column":1}},"doc":"","exports":[{"type":"ExportDefaultDeclaration"}]},"updatedAt":"2024-09-11T11:53:35.098Z"},{"_allAttributes":null,"_properties":null,"_methods":null,"file":"c:/Users/mohit.kapoor/Documents/PracticeLwcData/force-app/main/default/lwc/child/child.js","metadata":{"decorators":[],"classMembers":[{"name":"handleChange","type":"method","loc":{"start":{"line":5,"column":4},"end":{"line":14,"column":5}}}],"declarationLoc":{"start":{"line":3,"column":0},"end":{"line":15,"column":1}},"doc":"","exports":[{"type":"ExportDefaultDeclaration"}]},"updatedAt":"2024-09-13T04:36:40.731Z"},{"_allAttributes":null,"_properties":null,"_methods":null,"file":"c:/Users/mohit.kapoor/Documents/PracticeLwcData/force-app/main/default/lwc/createAccountWithoutApex/createAccountWithoutApex.js","metadata":{"decorators":[{"type":"wire","targets":[{"name":"accountObjectInfo","type":"property","static":{"objectApiName":{"type":"unresolved"}},"params":{},"adapter":{"name":"getObjectInfo","reference":"lightning/uiObjectInfoApi"}},{"name":"ratingPickListValue","type":"property","static":{"fieldApiName":{"type":"unresolved"}},"params":{"recordTypeId":"accountObjectInfo.data.defaultRecordTypeId"},"adapter":{"name":"getPicklistValues","reference":"lightning/uiObjectInfoApi"}}]}],"classMembers":[{"name":"accountName","type":"property","loc":{"start":{"line":11,"column":4},"end":{"line":11,"column":16}}},{"name":"accRating","type":"property","loc":{"start":{"line":12,"column":4},"end":{"line":12,"column":14}}},{"name":"accountObjectInfo","type":"property","decorator":"wire","loc":{"start":{"line":14,"column":4},"end":{"line":15,"column":22}}},{"name":"ratingPickListValue","type":"property","decorator":"wire","loc":{"start":{"line":17,"column":4},"end":{"line":21,"column":24}}},{"name":"handleChange","type":"method","loc":{"start":{"line":23,"column":4},"end":{"line":28,"column":5}}},{"name":"saveAccount","type":"method","loc":{"start":{"line":30,"column":4},"end":{"line":48,"column":5}}},{"name":"showToastMessage","type":"method","loc":{"start":{"line":50,"column":4},"end":{"line":58,"column":5}}},{"name":"resetHandler","type":"method","loc":{"start":{"line":60,"column":4},"end":{"line":63,"column":5}}},{"name":"confirmHandler","type":"method","loc":{"start":{"line":64,"column":4},"end":{"line":74,"column":5}}}],"declarationLoc":{"start":{"line":9,"column":0},"end":{"line":75,"column":1}},"doc":"","exports":[{"type":"ExportDefaultDeclaration"}]},"updatedAt":"2024-09-10T14:40:20.319Z"},{"_allAttributes":null,"_properties":null,"_methods":null,"file":"c:/Users/mohit.kapoor/Documents/PracticeLwcData/force-app/main/default/lwc/createOppUsingQuickAction/createOppUsingQuickAction.js","metadata":{"decorators":[{"type":"api","targets":[{"name":"recordId","type":"property","value":{"type":"unresolved"}}]}],"classMembers":[{"name":"recordId","type":"property","value":{"type":"unresolved"},"decorator":"api","loc":{"start":{"line":10,"column":4},"end":{"line":10,"column":18}}},{"name":"objectApiName","type":"property","value":{"type":"unresolved"},"loc":{"start":{"line":11,"column":4},"end":{"line":11,"column":36}}},{"name":"fieldList","type":"property","value":{"type":"object","value":{"opportunityName":{"type":"unresolved"},"closeDate":{"type":"unresolved"},"stageName":{"type":"unresolved"}}},"loc":{"start":{"line":12,"column":4},"end":{"line":16,"column":5}}},{"name":"closeModel","type":"method","loc":{"start":{"line":18,"column":4},"end":{"line":21,"column":5}}},{"name":"sucessHandler","type":"method","loc":{"start":{"line":22,"column":4},"end":{"line":26,"column":5}}},{"name":"errorHandler","type":"method","loc":{"start":{"line":27,"column":4},"end":{"line":30,"column":5}}},{"name":"submitHandler","type":"method","loc":{"start":{"line":31,"column":4},"end":{"line":38,"column":5}}},{"name":"resetHandler","type":"method","loc":{"start":{"line":39,"column":4},"end":{"line":42,"column":5}}},{"name":"showToastMessage","type":"method","loc":{"start":{"line":44,"column":4},"end":{"line":51,"column":5}}}],"declarationLoc":{"start":{"line":8,"column":0},"end":{"line":52,"column":1}},"doc":"","exports":[{"type":"ExportDefaultDeclaration"}]},"updatedAt":"2024-09-15T16:16:26.566Z"},{"_allAttributes":null,"_properties":null,"_methods":null,"file":"c:/Users/mohit.kapoor/Documents/PracticeLwcData/force-app/main/default/lwc/customeLookup/customeLookup.js","metadata":{"decorators":[{"type":"api","targets":[{"name":"objectApiName","type":"property","value":{"type":"string","value":""}},{"name":"recordId","type":"property","value":{"type":"string","value":""}}]},{"type":"wire","targets":[{"type":"method","name":"wiredObjectInfo","static":{},"params":{"objectApiName":"objectApiName"},"adapter":{"name":"getObjectInfo","reference":"lightning/uiObjectInfoApi"}}]},{"type":"track","targets":[{"name":"options","type":"property"},{"name":"RelatedObjectData","type":"property"},{"name":"isShowModal","type":"property"},{"name":"StoreRelatedField","type":"property"},{"name":"StoreAllObjectFields","type":"property"},{"name":"selectedFinalFields","type":"property"},{"name":"RecordLength","type":"property"},{"name":"SearchValue","type":"property"}]}],"classMembers":[{"name":"objectApiName","type":"property","value":{"type":"string","value":""},"decorator":"api","loc":{"start":{"line":29,"column":4},"end":{"line":29,"column":28}}},{"name":"recordId","type":"property","value":{"type":"string","value":""},"decorator":"api","loc":{"start":{"line":30,"column":4},"end":{"line":30,"column":23}}},{"name":"options","type":"property","decorator":"track","loc":{"start":{"line":33,"column":4},"end":{"line":33,"column":24}}},{"name":"RelatedObjectData","type":"property","decorator":"track","loc":{"start":{"line":34,"column":4},"end":{"line":34,"column":34}}},{"name":"isShowModal","type":"property","value":{"type":"boolean","value":false},"decorator":"track","loc":{"start":{"line":35,"column":4},"end":{"line":35,"column":31}}},{"name":"StoreRelatedField","type":"property","decorator":"track","loc":{"start":{"line":36,"column":4},"end":{"line":36,"column":34}}},{"name":"StoreAllObjectFields","type":"property","decorator":"track","loc":{"start":{"line":37,"column":4},"end":{"line":37,"column":37}}},{"name":"selectedFinalFields","type":"property","decorator":"track","loc":{"start":{"line":38,"column":4},"end":{"line":38,"column":36}}},{"name":"RecordLength","type":"property","decorator":"track","loc":{"start":{"line":39,"column":4},"end":{"line":39,"column":29}}},{"name":"SearchValue","type":"property","decorator":"track","loc":{"start":{"line":40,"column":4},"end":{"line":40,"column":28}}},{"name":"wiredObjectInfo","type":"method","decorator":"wire","loc":{"start":{"line":45,"column":4},"end":{"line":54,"column":5}}},{"name":"handleselectedObjectName","type":"method","loc":{"start":{"line":57,"column":4},"end":{"line":71,"column":5}}},{"name":"handleClickOfSelectFields","type":"method","loc":{"start":{"line":75,"column":4},"end":{"line":78,"column":5}}},{"name":"FetchAllObjectFields","type":"method","loc":{"start":{"line":81,"column":4},"end":{"line":92,"column":5}}},{"name":"handleChangeOfSelectedFields","type":"method","loc":{"start":{"line":96,"column":4},"end":{"line":99,"column":5}}},{"name":"handleClickOfOk","type":"method","loc":{"start":{"line":103,"column":4},"end":{"line":112,"column":5}}},{"name":"handleClickOfCloseModal","type":"method","loc":{"start":{"line":115,"column":4},"end":{"line":117,"column":5}}},{"name":"FetchallobjectData","type":"method","loc":{"start":{"line":121,"column":4},"end":{"line":135,"column":5}}},{"name":"HandleSearchRecords","type":"method","loc":{"start":{"line":139,"column":4},"end":{"line":151,"column":5}}},{"name":"handleRowAction","type":"method","loc":{"start":{"line":155,"column":4},"end":{"line":204,"column":5}}},{"name":"handleClickOfNew","type":"method","loc":{"start":{"line":208,"column":4},"end":{"line":216,"column":5}}}],"declarationLoc":{"start":{"line":27,"column":0},"end":{"line":220,"column":1}},"doc":"","exports":[{"type":"ExportDefaultDeclaration"}]},"updatedAt":"2024-09-14T18:16:35.573Z"},{"_allAttributes":null,"_properties":null,"_methods":null,"file":"c:/Users/mohit.kapoor/Documents/PracticeLwcData/force-app/main/default/lwc/grandParent/grandParent.js","metadata":{"decorators":[],"classMembers":[{"name":"name","type":"property","loc":{"start":{"line":4,"column":4},"end":{"line":4,"column":9}}},{"name":"boundHandleData","type":"property","loc":{"start":{"line":5,"column":4},"end":{"line":5,"column":20}}},{"name":"connectedCallback","type":"method","loc":{"start":{"line":7,"column":4},"end":{"line":12,"column":8}}},{"name":"disconnectedCallback","type":"method","loc":{"start":{"line":14,"column":7},"end":{"line":16,"column":8}}},{"name":"recieveDate","type":"method","loc":{"start":{"line":17,"column":4},"end":{"line":19,"column":5}}}],"declarationLoc":{"start":{"line":3,"column":0},"end":{"line":20,"column":1}},"doc":"","exports":[{"type":"ExportDefaultDeclaration"}]},"updatedAt":"2024-09-12T18:44:23.995Z"},{"_allAttributes":null,"_properties":null,"_methods":null,"file":"c:/Users/mohit.kapoor/Documents/PracticeLwcData/force-app/main/default/lwc/parent/parent.js","metadata":{"decorators":[],"classMembers":[],"declarationLoc":{"start":{"line":3,"column":0},"end":{"line":3,"column":55}},"doc":"","exports":[{"type":"ExportDefaultDeclaration"}]},"updatedAt":"2024-09-12T11:00:24.778Z"},{"_allAttributes":null,"_properties":null,"_methods":null,"file":"c:/Users/mohit.kapoor/Documents/PracticeLwcData/force-app/main/default/lwc/parentComponentMultiSelectLookup/parentComponentMultiSelectLookup.js","metadata":{"decorators":[{"type":"api","targets":[{"name":"label","type":"property","value":{"type":"unresolved"}},{"name":"placeholder","type":"property","value":{"type":"string","value":"Search..."}},{"name":"objectLabel","type":"property","value":{"type":"unresolved"}},{"name":"objectApiName","type":"property","value":{"type":"unresolved"}},{"name":"fieldApiName","type":"property","value":{"type":"unresolved"}},{"name":"subFieldApiName","type":"property","value":{"type":"unresolved"}},{"name":"limit","type":"property","value":{"type":"number","value":5}},{"name":"iconName","type":"property","value":{"type":"string","value":"standard:default"}},{"name":"isMultiSelect","type":"property","value":{"type":"boolean","value":false}},{"name":"isCreatable","type":"property","value":{"type":"boolean","value":false}},{"name":"required","type":"property","value":{"type":"boolean","value":false}},{"name":"readOnly","type":"property","value":{"type":"boolean","value":false}},{"name":"selection","type":"property","value":{"type":"array","value":[]}},{"name":"errors","type":"property","value":{"type":"array","value":[]}},{"name":"value","type":"property"},{"type":"method","name":"getSelection"}]},{"type":"track","targets":[{"name":"searchTerm","type":"property"},{"name":"searchResults","type":"property"},{"name":"hasFocus","type":"property"},{"name":"isNewRecordForm","type":"property"},{"name":"noRecordFound","type":"property"}]}],"classMembers":[{"name":"label","type":"property","value":{"type":"unresolved"},"decorator":"api","loc":{"start":{"line":13,"column":4},"end":{"line":13,"column":15}}},{"name":"placeholder","type":"property","value":{"type":"string","value":"Search..."},"decorator":"api","loc":{"start":{"line":14,"column":4},"end":{"line":14,"column":35}}},{"name":"objectLabel","type":"property","value":{"type":"unresolved"},"decorator":"api","loc":{"start":{"line":15,"column":4},"end":{"line":15,"column":21}}},{"name":"objectApiName","type":"property","value":{"type":"unresolved"},"decorator":"api","loc":{"start":{"line":16,"column":4},"end":{"line":16,"column":23}}},{"name":"fieldApiName","type":"property","value":{"type":"unresolved"},"decorator":"api","loc":{"start":{"line":17,"column":4},"end":{"line":17,"column":22}}},{"name":"subFieldApiName","type":"property","value":{"type":"unresolved"},"decorator":"api","loc":{"start":{"line":18,"column":4},"end":{"line":18,"column":25}}},{"name":"limit","type":"property","value":{"type":"number","value":5},"decorator":"api","loc":{"start":{"line":19,"column":4},"end":{"line":19,"column":19}}},{"name":"iconName","type":"property","value":{"type":"string","value":"standard:default"},"decorator":"api","loc":{"start":{"line":20,"column":4},"end":{"line":20,"column":33}}},{"name":"isMultiSelect","type":"property","value":{"type":"boolean","value":false},"decorator":"api","loc":{"start":{"line":21,"column":4},"end":{"line":21,"column":31}}},{"name":"isCreatable","type":"property","value":{"type":"boolean","value":false},"decorator":"api","loc":{"start":{"line":22,"column":4},"end":{"line":22,"column":29}}},{"name":"required","type":"property","value":{"type":"boolean","value":false},"decorator":"api","loc":{"start":{"line":23,"column":4},"end":{"line":23,"column":26}}},{"name":"readOnly","type":"property","value":{"type":"boolean","value":false},"decorator":"api","loc":{"start":{"line":24,"column":4},"end":{"line":24,"column":26}}},{"name":"selection","type":"property","value":{"type":"array","value":[]},"decorator":"api","loc":{"start":{"line":26,"column":4},"end":{"line":26,"column":24}}},{"name":"errors","type":"property","value":{"type":"array","value":[]},"decorator":"api","loc":{"start":{"line":27,"column":4},"end":{"line":27,"column":21}}},{"name":"searchTerm","type":"property","decorator":"track","loc":{"start":{"line":34,"column":4},"end":{"line":34,"column":27}}},{"name":"searchResults","type":"property","decorator":"track","loc":{"start":{"line":35,"column":4},"end":{"line":35,"column":30}}},{"name":"hasFocus","type":"property","value":{"type":"boolean","value":false},"decorator":"track","loc":{"start":{"line":36,"column":4},"end":{"line":36,"column":28}}},{"name":"isNewRecordForm","type":"property","value":{"type":"boolean","value":false},"decorator":"track","loc":{"start":{"line":37,"column":4},"end":{"line":37,"column":35}}},{"name":"noRecordFound","type":"property","value":{"type":"boolean","value":false},"decorator":"track","loc":{"start":{"line":38,"column":4},"end":{"line":38,"column":33}}},{"name":"cleanSearchTerm","type":"property","loc":{"start":{"line":40,"column":4},"end":{"line":40,"column":20}}},{"name":"blurTimeout","type":"property","loc":{"start":{"line":41,"column":4},"end":{"line":41,"column":16}}},{"name":"searchThrottlingTimeout","type":"property","loc":{"start":{"line":42,"column":4},"end":{"line":42,"column":28}}},{"name":"focusIndex","type":"property","value":{"type":"unresolved"},"loc":{"start":{"line":43,"column":4},"end":{"line":43,"column":20}}},{"name":"value","type":"property","decorator":"api","loc":{"start":{"line":46,"column":4},"end":{"line":48,"column":5}}},{"name":"getSelection","type":"method","decorator":"api","loc":{"start":{"line":57,"column":4},"end":{"line":60,"column":5}}},{"name":"labelOfObject","type":"property","loc":{"start":{"line":62,"column":4},"end":{"line":64,"column":5}}},{"name":"closeModal","type":"method","loc":{"start":{"line":66,"column":4},"end":{"line":68,"column":5}}},{"name":"handleSuccess","type":"method","loc":{"start":{"line":71,"column":4},"end":{"line":96,"column":5}}},{"name":"updateSearchTerm","type":"method","loc":{"start":{"line":100,"column":4},"end":{"line":131,"column":5}}},{"name":"handleSearch","type":"method","loc":{"start":{"line":134,"column":4},"end":{"line":151,"column":5}}},{"name":"isSelectionAllowed","type":"method","loc":{"start":{"line":153,"column":4},"end":{"line":158,"column":5}}},{"name":"hasResults","type":"method","loc":{"start":{"line":160,"column":4},"end":{"line":162,"column":5}}},{"name":"hasSelection","type":"method","loc":{"start":{"line":164,"column":4},"end":{"line":166,"column":5}}},{"name":"handleInput","type":"method","loc":{"start":{"line":170,"column":4},"end":{"line":177,"column":5}}},{"name":"saveLookupSelection","type":"method","loc":{"start":{"line":179,"column":4},"end":{"line":198,"column":5}}},{"name":"handleResultEnter","type":"method","loc":{"start":{"line":200,"column":4},"end":{"line":206,"column":5}}},{"name":"handleResultClick","type":"method","loc":{"start":{"line":208,"column":4},"end":{"line":210,"column":5}}},{"name":"handleComboboxClick","type":"method","loc":{"start":{"line":212,"column":4},"end":{"line":218,"column":5}}},{"name":"handleFocus","type":"method","loc":{"start":{"line":220,"column":4},"end":{"line":228,"column":5}}},{"name":"handleBlur","type":"method","loc":{"start":{"line":230,"column":4},"end":{"line":240,"column":5}}},{"name":"handleRemoveSelectedItem","type":"method","loc":{"start":{"line":242,"column":4},"end":{"line":246,"column":5}}},{"name":"handleClearSelection","type":"method","loc":{"start":{"line":248,"column":4},"end":{"line":252,"column":5}}},{"name":"selectionValueEvt","type":"method","loc":{"start":{"line":254,"column":4},"end":{"line":260,"column":5}}},{"name":"arrowNavigationUp","type":"method","loc":{"start":{"line":262,"column":4},"end":{"line":290,"column":5}}},{"name":"arrowNavigationDown","type":"method","loc":{"start":{"line":292,"column":4},"end":{"line":308,"column":5}}},{"name":"clearFocus","type":"method","loc":{"start":{"line":310,"column":4},"end":{"line":314,"column":5}}},{"name":"notifyUser","type":"method","loc":{"start":{"line":316,"column":4},"end":{"line":319,"column":5}}},{"name":"getContainerClass","type":"property","loc":{"start":{"line":324,"column":4},"end":{"line":333,"column":5}}},{"name":"getDropdownClass","type":"property","loc":{"start":{"line":335,"column":4},"end":{"line":343,"column":5}}},{"name":"getInputClass","type":"property","loc":{"start":{"line":345,"column":4},"end":{"line":352,"column":5}}},{"name":"getComboboxClass","type":"property","loc":{"start":{"line":354,"column":4},"end":{"line":362,"column":5}}},{"name":"getSearchIconClass","type":"property","loc":{"start":{"line":364,"column":4},"end":{"line":370,"column":5}}},{"name":"getClearSelectionButtonClass","type":"property","loc":{"start":{"line":372,"column":4},"end":{"line":375,"column":5}}},{"name":"getSelectIconName","type":"property","loc":{"start":{"line":377,"column":4},"end":{"line":379,"column":5}}},{"name":"getSelectIconClass","type":"property","loc":{"start":{"line":381,"column":4},"end":{"line":384,"column":5}}},{"name":"getInputValue","type":"property","loc":{"start":{"line":386,"column":4},"end":{"line":391,"column":5}}},{"name":"getListboxClass","type":"property","loc":{"start":{"line":393,"column":4},"end":{"line":395,"column":5}}},{"name":"pillsContainer","type":"property","loc":{"start":{"line":397,"column":4},"end":{"line":399,"column":5}}},{"name":"isInputReadonly","type":"property","loc":{"start":{"line":401,"column":4},"end":{"line":406,"column":5}}},{"name":"isExpanded","type":"property","loc":{"start":{"line":408,"column":4},"end":{"line":410,"column":5}}}],"declarationLoc":{"start":{"line":11,"column":0},"end":{"line":411,"column":1}},"doc":"","exports":[{"type":"ExportDefaultDeclaration"}]},"updatedAt":"2024-09-15T12:50:21.571Z"},{"_allAttributes":null,"_properties":null,"_methods":null,"file":"c:/Users/mohit.kapoor/Documents/PracticeLwcData/force-app/main/default/lwc/parentData/parentData.js","metadata":{"decorators":[],"classMembers":[],"declarationLoc":{"start":{"line":3,"column":0},"end":{"line":3,"column":59}},"doc":"","exports":[{"type":"ExportDefaultDeclaration"}]},"updatedAt":"2024-09-12T11:18:34.092Z"},{"_allAttributes":null,"_properties":null,"_methods":null,"file":"c:/Users/mohit.kapoor/Documents/PracticeLwcData/force-app/main/default/lwc/sampleForDynamicApex/sampleForDynamicApex.js","metadata":{"decorators":[{"type":"wire","targets":[{"type":"method","name":"wiredObjectNames","static":{},"params":{},"adapter":{"name":"getAllObject","reference":"@salesforce/apex/SObjectApexClass.getAllObject"}}]}],"classMembers":[{"name":"sObjectOptions","type":"property","loc":{"start":{"line":5,"column":3},"end":{"line":5,"column":21}}},{"name":"selectedObject","type":"property","loc":{"start":{"line":6,"column":3},"end":{"line":6,"column":18}}},{"name":"wiredObjectNames","type":"method","decorator":"wire","loc":{"start":{"line":7,"column":4},"end":{"line":16,"column":5}}},{"name":"handleSobjectChange","type":"method","loc":{"start":{"line":17,"column":4},"end":{"line":20,"column":5}}}],"declarationLoc":{"start":{"line":3,"column":0},"end":{"line":21,"column":1}},"doc":"","exports":[{"type":"ExportDefaultDeclaration"}]},"updatedAt":"2024-09-11T16:49:32.647Z"},{"_allAttributes":null,"_properties":null,"_methods":null,"file":"c:/Users/mohit.kapoor/Documents/PracticeLwcData/force-app/main/default/lwc/toastMessageContainer/toastMessageContainer.js","metadata":{"decorators":[],"classMembers":[{"name":"connectedCallback","type":"method","loc":{"start":{"line":6,"column":1},"end":{"line":10,"column":2}}},{"name":"showError","type":"method","loc":{"start":{"line":11,"column":1},"end":{"line":18,"column":2}}},{"name":"showWarning","type":"method","loc":{"start":{"line":19,"column":1},"end":{"line":26,"column":2}}},{"name":"showSuccess","type":"method","loc":{"start":{"line":27,"column":1},"end":{"line":34,"column":2}}},{"name":"showInfo","type":"method","loc":{"start":{"line":35,"column":1},"end":{"line":42,"column":2}}}],"declarationLoc":{"start":{"line":5,"column":0},"end":{"line":43,"column":1}},"doc":"","exports":[{"type":"ExportDefaultDeclaration"}]},"updatedAt":"2024-09-14T08:47:05.040Z"},{"_allAttributes":null,"_properties":null,"_methods":null,"file":"c:/Users/mohit.kapoor/Documents/PracticeLwcData/force-app/main/default/lwc/updateAccount/updateAccount.js","metadata":{"decorators":[{"type":"api","targets":[{"name":"recordId","type":"property","value":{"type":"unresolved"}}]},{"type":"wire","targets":[{"name":"accountObjectInfo","type":"property","static":{"objectApiName":{"type":"unresolved"}},"params":{},"adapter":{"name":"getObjectInfo","reference":"lightning/uiObjectInfoApi"}},{"type":"method","name":"accountPickListValues","static":{"objectApiName":{"type":"unresolved"}},"params":{"recordTypeId":"accountObjectInfo.data.defaultRecordTypeId"},"adapter":{"name":"getPicklistValuesByRecordType","reference":"lightning/uiObjectInfoApi"}},{"type":"method","name":"accountInfo","static":{"fields":{"type":"array","value":[null,null]}},"params":{"recordId":"recordId"},"adapter":{"name":"getRecord","reference":"lightning/uiRecordApi"}}]}],"classMembers":[{"name":"recordId","type":"property","value":{"type":"unresolved"},"decorator":"api","loc":{"start":{"line":11,"column":4},"end":{"line":11,"column":18}}},{"name":"accountName","type":"property","loc":{"start":{"line":12,"column":4},"end":{"line":12,"column":16}}},{"name":"accountRating","type":"property","loc":{"start":{"line":13,"column":4},"end":{"line":13,"column":18}}},{"name":"accountRatingOptions","type":"property","loc":{"start":{"line":15,"column":4},"end":{"line":15,"column":25}}},{"name":"accountObjectInfo","type":"property","decorator":"wire","loc":{"start":{"line":16,"column":4},"end":{"line":17,"column":22}}},{"name":"accountPickListValues","type":"method","decorator":"wire","loc":{"start":{"line":19,"column":4},"end":{"line":30,"column":5}}},{"name":"accountInfo","type":"method","decorator":"wire","loc":{"start":{"line":31,"column":4},"end":{"line":43,"column":5}}},{"name":"handleChange","type":"method","loc":{"start":{"line":44,"column":4},"end":{"line":47,"column":5}}},{"name":"handleUpdate","type":"method","loc":{"start":{"line":49,"column":4},"end":{"line":66,"column":5}}},{"name":"showToastMessage","type":"method","loc":{"start":{"line":68,"column":4},"end":{"line":75,"column":5}}},{"name":"Title","type":"property","loc":{"start":{"line":77,"column":4},"end":{"line":79,"column":5}}}],"declarationLoc":{"start":{"line":9,"column":0},"end":{"line":80,"column":1}},"doc":"","exports":[{"type":"ExportDefaultDeclaration"}]},"updatedAt":"2024-09-14T14:09:08.231Z"},{"_allAttributes":null,"_properties":null,"_methods":null,"file":"c:/Users/mohit.kapoor/Documents/PracticeLwcData/force-app/main/default/lwc/modalComponent/modalComponent.js","metadata":{"decorators":[{"type":"api","targets":[{"name":"contact","type":"property","value":{"type":"unresolved"}},{"name":"isVisible","type":"property","value":{"type":"boolean","value":false}},{"name":"defineMode","type":"property","value":{"type":"unresolved"}}]}],"classMembers":[{"name":"contact","type":"property","value":{"type":"unresolved"},"decorator":"api","loc":{"start":{"line":3,"column":4},"end":{"line":3,"column":17}}},{"name":"isVisible","type":"property","value":{"type":"boolean","value":false},"decorator":"api","loc":{"start":{"line":4,"column":4},"end":{"line":4,"column":27}}},{"name":"defineMode","type":"property","value":{"type":"unresolved"},"decorator":"api","loc":{"start":{"line":5,"column":4},"end":{"line":5,"column":20}}},{"name":"closeModalAction","type":"method","loc":{"start":{"line":14,"column":4},"end":{"line":16,"column":5}}},{"name":"successHandler","type":"method","loc":{"start":{"line":19,"column":4},"end":{"line":22,"column":5}}}],"declarationLoc":{"start":{"line":2,"column":0},"end":{"line":23,"column":1}},"doc":"","exports":[{"type":"ExportDefaultDeclaration"}]},"updatedAt":"2024-09-18T12:05:18.535Z"},{"_allAttributes":null,"_properties":null,"_methods":null,"file":"c:/Users/mohit.kapoor/Documents/PracticeLwcData/force-app/main/default/lwc/searchContact/searchContact.js","metadata":{"decorators":[],"classMembers":[{"name":"searchValue","type":"property","value":{"type":"string","value":""},"loc":{"start":{"line":8,"column":4},"end":{"line":8,"column":19}}},{"name":"contactList","type":"property","loc":{"start":{"line":9,"column":4},"end":{"line":9,"column":19}}},{"name":"contactId","type":"property","value":{"type":"string","value":""},"loc":{"start":{"line":10,"column":4},"end":{"line":10,"column":17}}},{"name":"modalContainer","type":"property","value":{"type":"boolean","value":false},"loc":{"start":{"line":11,"column":4},"end":{"line":11,"column":27}}},{"name":"mode","type":"property","loc":{"start":{"line":12,"column":4},"end":{"line":12,"column":9}}},{"name":"NOTFountContact","type":"property","loc":{"start":{"line":13,"column":4},"end":{"line":13,"column":20}}},{"name":"connectedCallback","type":"method","loc":{"start":{"line":14,"column":4},"end":{"line":18,"column":5}}},{"name":"fetchContactList","type":"method","loc":{"start":{"line":19,"column":4},"end":{"line":28,"column":5}}},{"name":"handleKeyChange","type":"method","loc":{"start":{"line":29,"column":6},"end":{"line":54,"column":5}}},{"name":"EditViewHandler","type":"method","loc":{"start":{"line":56,"column":4},"end":{"line":67,"column":5}}},{"name":"DeleteHandler","type":"method","loc":{"start":{"line":69,"column":4},"end":{"line":81,"column":5}}},{"name":"confirmHandler","type":"method","loc":{"start":{"line":82,"column":4},"end":{"line":95,"column":1}}},{"name":"handleCloseModal","type":"method","loc":{"start":{"line":96,"column":4},"end":{"line":98,"column":5}}},{"name":"handleContactUpdated","type":"method","loc":{"start":{"line":99,"column":4},"end":{"line":107,"column":5}}},{"name":"showToastMessage","type":"method","loc":{"start":{"line":108,"column":4},"end":{"line":116,"column":1}}}],"declarationLoc":{"start":{"line":7,"column":0},"end":{"line":117,"column":1}},"doc":"","exports":[{"type":"ExportDefaultDeclaration"}]},"updatedAt":"2024-09-18T14:49:26.978Z"},{"_allAttributes":null,"_properties":null,"_methods":null,"file":"c:/Users/mohit.kapoor/Documents/PracticeLwcData/force-app/main/default/lwc/checkcall/checkcall.js","metadata":{"decorators":[{"type":"track","targets":[{"name":"name","type":"property"}]}],"classMembers":[{"name":"name","type":"property","decorator":"track","loc":{"start":{"line":4,"column":4},"end":{"line":4,"column":23}}},{"name":"connectedCallback","type":"method","loc":{"start":{"line":10,"column":4},"end":{"line":12,"column":5}}}],"declarationLoc":{"start":{"line":3,"column":0},"end":{"line":13,"column":1}},"doc":"","exports":[{"type":"ExportDefaultDeclaration"}]},"updatedAt":"2024-10-16T15:45:38.769Z"},{"_allAttributes":null,"_properties":null,"_methods":null,"file":"c:/Users/mohit.kapoor/Documents/PracticeLwcData/force-app/main/default/lwc/countNoofContacts/countNoofContacts.js","metadata":{"decorators":[{"type":"api","targets":[{"name":"recordId","type":"property","value":{"type":"unresolved"}}]},{"type":"wire","targets":[{"type":"method","name":"relatedcontacts","static":{"relatedListId":{"type":"string","value":"Contacts"}},"params":{"parentRecordId":"recordId"},"adapter":{"name":"getRelatedListCount","reference":"lightning/uiRelatedListApi"}}]}],"classMembers":[{"name":"recordId","type":"property","value":{"type":"unresolved"},"decorator":"api","loc":{"start":{"line":6,"column":4},"end":{"line":6,"column":18}}},{"name":"totalContacts","type":"property","loc":{"start":{"line":7,"column":4},"end":{"line":7,"column":18}}},{"name":"relatedcontacts","type":"method","decorator":"wire","loc":{"start":{"line":9,"column":4},"end":{"line":24,"column":1}}}],"declarationLoc":{"start":{"line":4,"column":0},"end":{"line":25,"column":1}},"doc":"","exports":[{"type":"ExportDefaultDeclaration"}]},"updatedAt":"2024-09-22T14:36:15.181Z"},{"_allAttributes":null,"_properties":null,"_methods":null,"file":"c:/Users/mohit.kapoor/Documents/PracticeLwcData/force-app/main/default/lwc/currentUserDetail/currentUserDetail.js","metadata":{"decorators":[{"type":"wire","targets":[{"type":"method","name":"userDetail","static":{"recordId":{"type":"unresolved"},"fields":{"type":"array","value":[null,null,null,null]}},"params":{},"adapter":{"name":"getRecord","reference":"lightning/uiRecordApi"}}]}],"classMembers":[{"name":"userName","type":"property","loc":{"start":{"line":11,"column":4},"end":{"line":11,"column":13}}},{"name":"userProfileName","type":"property","loc":{"start":{"line":12,"column":4},"end":{"line":12,"column":20}}},{"name":"userManagerName","type":"property","loc":{"start":{"line":13,"column":4},"end":{"line":13,"column":20}}},{"name":"userRoleName","type":"property","loc":{"start":{"line":14,"column":4},"end":{"line":14,"column":17}}},{"name":"userDetail","type":"method","decorator":"wire","loc":{"start":{"line":15,"column":4},"end":{"line":26,"column":5}}},{"name":"isEnabled","type":"property","loc":{"start":{"line":27,"column":4},"end":{"line":29,"column":5}}}],"declarationLoc":{"start":{"line":9,"column":0},"end":{"line":30,"column":1}},"doc":"","exports":[{"type":"ExportDefaultDeclaration"}]},"updatedAt":"2024-09-21T08:32:43.572Z"},{"_allAttributes":null,"_properties":null,"_methods":null,"file":"c:/Users/mohit.kapoor/Documents/PracticeLwcData/force-app/main/default/lwc/multiStepForm/multiStepForm.js","metadata":{"decorators":[{"type":"track","targets":[{"name":"currentStep","type":"property"},{"name":"firstName","type":"property"},{"name":"lastName","type":"property"},{"name":"email","type":"property"},{"name":"street","type":"property"},{"name":"city","type":"property"},{"name":"state","type":"property"},{"name":"zip","type":"property"},{"name":"hasErrors","type":"property"},{"name":"errorMessage","type":"property"}]}],"classMembers":[{"name":"currentStep","type":"property","decorator":"track","loc":{"start":{"line":5,"column":2},"end":{"line":5,"column":27}}},{"name":"firstName","type":"property","decorator":"track","loc":{"start":{"line":8,"column":2},"end":{"line":8,"column":24}}},{"name":"lastName","type":"property","decorator":"track","loc":{"start":{"line":9,"column":2},"end":{"line":9,"column":23}}},{"name":"email","type":"property","decorator":"track","loc":{"start":{"line":10,"column":2},"end":{"line":10,"column":20}}},{"name":"street","type":"property","decorator":"track","loc":{"start":{"line":11,"column":2},"end":{"line":11,"column":21}}},{"name":"city","type":"property","decorator":"track","loc":{"start":{"line":12,"column":2},"end":{"line":12,"column":19}}},{"name":"state","type":"property","decorator":"track","loc":{"start":{"line":13,"column":2},"end":{"line":13,"column":20}}},{"name":"zip","type":"property","decorator":"track","loc":{"start":{"line":14,"column":2},"end":{"line":14,"column":18}}},{"name":"hasErrors","type":"property","value":{"type":"boolean","value":false},"decorator":"track","loc":{"start":{"line":17,"column":2},"end":{"line":17,"column":27}}},{"name":"errorMessage","type":"property","decorator":"track","loc":{"start":{"line":18,"column":2},"end":{"line":18,"column":27}}},{"name":"isStepOne","type":"property","loc":{"start":{"line":21,"column":2},"end":{"line":23,"column":3}}},{"name":"isStepTwo","type":"property","loc":{"start":{"line":25,"column":2},"end":{"line":27,"column":3}}},{"name":"isStepThree","type":"property","loc":{"start":{"line":29,"column":2},"end":{"line":31,"column":3}}},{"name":"isFirstStep","type":"property","loc":{"start":{"line":33,"column":2},"end":{"line":35,"column":3}}},{"name":"nextButtonLabel","type":"property","loc":{"start":{"line":37,"column":2},"end":{"line":39,"column":3}}},{"name":"handleChange","type":"method","loc":{"start":{"line":42,"column":2},"end":{"line":44,"column":3}}},{"name":"handleNext","type":"method","loc":{"start":{"line":47,"column":2},"end":{"line":60,"column":3}}},{"name":"handlePrevious","type":"method","loc":{"start":{"line":63,"column":2},"end":{"line":66,"column":3}}},{"name":"validateInputs","type":"method","loc":{"start":{"line":69,"column":2},"end":{"line":80,"column":3}}},{"name":"handleSubmit","type":"method","loc":{"start":{"line":83,"column":2},"end":{"line":101,"column":3}}},{"name":"resetForm","type":"method","loc":{"start":{"line":104,"column":2},"end":{"line":115,"column":3}}},{"name":"showToast","type":"method","loc":{"start":{"line":118,"column":2},"end":{"line":125,"column":3}}}],"declarationLoc":{"start":{"line":4,"column":0},"end":{"line":126,"column":1}},"doc":"","exports":[{"type":"ExportDefaultDeclaration"}]},"updatedAt":"2024-09-22T09:48:51.143Z"},{"_allAttributes":null,"_properties":null,"_methods":null,"file":"c:/Users/mohit.kapoor/Documents/PracticeLwcData/force-app/main/default/lwc/opportunnityList/opportunnityList.js","metadata":{"decorators":[{"type":"wire","targets":[{"name":"opportunityObjectInfo","type":"property","static":{"objectApiName":{"type":"unresolved"}},"params":{},"adapter":{"name":"getObjectInfo","reference":"lightning/uiObjectInfoApi"}},{"name":"picklistValues","type":"property","static":{"fieldApiName":{"type":"unresolved"}},"params":{"recordTypeId":"opportunityObjectInfo.data.defaultRecordTypeId"},"adapter":{"name":"getPicklistValues","reference":"lightning/uiObjectInfoApi"}},{"type":"method","name":"opportunityFilterList","static":{},"params":{"selectedStageName":"value"},"adapter":{"name":"getOpportunityFilterList","reference":"@salesforce/apex/OpportunityListController.getOpportunityFilterList"}}]}],"classMembers":[{"name":"columns","type":"property","loc":{"start":{"line":14,"column":4},"end":{"line":14,"column":22}}},{"name":"opportunityList","type":"property","loc":{"start":{"line":15,"column":4},"end":{"line":15,"column":25}}},{"name":"value","type":"property","loc":{"start":{"line":16,"column":4},"end":{"line":16,"column":10}}},{"name":"connectedCallback","type":"method","loc":{"start":{"line":17,"column":4},"end":{"line":23,"column":5}}},{"name":"opportunityObjectInfo","type":"property","decorator":"wire","loc":{"start":{"line":25,"column":4},"end":{"line":26,"column":26}}},{"name":"picklistValues","type":"property","decorator":"wire","loc":{"start":{"line":29,"column":4},"end":{"line":32,"column":22}}},{"name":"changeHandler","type":"method","loc":{"start":{"line":34,"column":4},"end":{"line":37,"column":5}}},{"name":"opportunityFilterList","type":"method","decorator":"wire","loc":{"start":{"line":38,"column":4},"end":{"line":50,"column":5}}}],"declarationLoc":{"start":{"line":13,"column":0},"end":{"line":54,"column":1}},"doc":"","exports":[{"type":"ExportDefaultDeclaration"}]},"updatedAt":"2024-09-30T16:53:34.905Z"},{"_allAttributes":null,"_properties":null,"_methods":null,"file":"c:/Users/mohit.kapoor/Documents/PracticeLwcData/force-app/main/default/lwc/updateOpportunityAccount/updateOpportunityAccount.js","metadata":{"decorators":[{"type":"api","targets":[{"name":"recordId","type":"property","value":{"type":"unresolved"}}]},{"type":"wire","targets":[{"type":"method","name":"oppAccount","static":{"fields":{"type":"array","value":[null,null,null]}},"params":{"recordId":"recordId"},"adapter":{"name":"getRecord","reference":"lightning/uiRecordApi"}}]}],"classMembers":[{"name":"recordId","type":"property","value":{"type":"unresolved"},"decorator":"api","loc":{"start":{"line":11,"column":4},"end":{"line":11,"column":18}}},{"name":"accName","type":"property","loc":{"start":{"line":12,"column":4},"end":{"line":12,"column":12}}},{"name":"oppName","type":"property","loc":{"start":{"line":13,"column":4},"end":{"line":13,"column":12}}},{"name":"accountName","type":"property","loc":{"start":{"line":14,"column":4},"end":{"line":14,"column":16}}},{"name":"accountList","type":"property","loc":{"start":{"line":15,"column":0},"end":{"line":15,"column":15}}},{"name":"connectedCallback","type":"method","loc":{"start":{"line":16,"column":4},"end":{"line":25,"column":5}}},{"name":"oppAccount","type":"method","decorator":"wire","loc":{"start":{"line":27,"column":4},"end":{"line":39,"column":5}}},{"name":"changeHandler","type":"method","loc":{"start":{"line":41,"column":4},"end":{"line":44,"column":5}}},{"name":"updateAccount","type":"method","loc":{"start":{"line":45,"column":4},"end":{"line":62,"column":5}}},{"name":"showMessage","type":"method","loc":{"start":{"line":64,"column":4},"end":{"line":71,"column":5}}},{"name":"Title","type":"property","loc":{"start":{"line":73,"column":4},"end":{"line":75,"column":5}}}],"declarationLoc":{"start":{"line":9,"column":0},"end":{"line":76,"column":1}},"doc":"","exports":[{"type":"ExportDefaultDeclaration"}]},"updatedAt":"2024-10-05T14:17:23.573Z"},{"_allAttributes":null,"_properties":null,"_methods":null,"file":"c:/Users/mohit.kapoor/Documents/PracticeLwcData/force-app/main/default/lwc/accountCreation/accountCreation.js","metadata":{"decorators":[],"classMembers":[{"name":"objectApiName","type":"property","value":{"type":"string","value":"Account"},"loc":{"start":{"line":4,"column":0},"end":{"line":4,"column":24}}},{"name":"fieldList","type":"property","loc":{"start":{"line":5,"column":0},"end":{"line":5,"column":25}}}],"declarationLoc":{"start":{"line":3,"column":0},"end":{"line":6,"column":1}},"doc":"","exports":[{"type":"ExportDefaultDeclaration"}]},"updatedAt":"2024-12-03T09:03:16.543Z"},{"_allAttributes":null,"_properties":null,"_methods":null,"file":"c:/Users/mohit.kapoor/Documents/PracticeLwcData/force-app/main/default/lwc/accountListView/accountListView.js","metadata":{"decorators":[{"type":"wire","targets":[{"type":"method","name":"handleListUiResponse","static":{"objectApiName":{"type":"unresolved"}},"params":{},"adapter":{"name":"getListUi","reference":"lightning/uiListApi"}},{"type":"method","name":"fetchListViewRecords","static":{"objectApiName":{"type":"unresolved"},"pageSize":{"type":"number","value":10}},"params":{"listViewId":"selectedListViewId","pageToken":"pageToken"},"adapter":{"name":"getListUi","reference":"lightning/uiListApi"}}]},{"type":"track","targets":[{"name":"listViewOptions","type":"property"},{"name":"selectedListViewId","type":"property"},{"name":"records","type":"property"},{"name":"error","type":"property"}]}],"classMembers":[{"name":"listViewOptions","type":"property","decorator":"track","loc":{"start":{"line":6,"column":4},"end":{"line":6,"column":32}}},{"name":"selectedListViewId","type":"property","decorator":"track","loc":{"start":{"line":7,"column":4},"end":{"line":7,"column":30}}},{"name":"records","type":"property","decorator":"track","loc":{"start":{"line":8,"column":4},"end":{"line":8,"column":19}}},{"name":"error","type":"property","decorator":"track","loc":{"start":{"line":9,"column":4},"end":{"line":9,"column":17}}},{"name":"isLoading","type":"property","value":{"type":"boolean","value":true},"loc":{"start":{"line":10,"column":3},"end":{"line":10,"column":20}}},{"name":"pageToken","type":"property","value":{"type":"null","value":null},"loc":{"start":{"line":11,"column":4},"end":{"line":11,"column":21}}},{"name":"nextPageToken","type":"property","value":{"type":"null","value":null},"loc":{"start":{"line":12,"column":4},"end":{"line":12,"column":25}}},{"name":"previousPageToken","type":"property","value":{"type":"null","value":null},"loc":{"start":{"line":13,"column":4},"end":{"line":13,"column":29}}},{"name":"columns","type":"property","loc":{"start":{"line":15,"column":4},"end":{"line":19,"column":6}}},{"name":"handleListUiResponse","type":"method","decorator":"wire","loc":{"start":{"line":22,"column":4},"end":{"line":43,"column":5}}},{"name":"fetchListViewRecords","type":"method","decorator":"wire","loc":{"start":{"line":47,"column":4},"end":{"line":69,"column":5}}},{"name":"handleListViewChange","type":"method","loc":{"start":{"line":73,"column":4},"end":{"line":78,"column":5}}},{"name":"handleNextPage","type":"method","loc":{"start":{"line":80,"column":4},"end":{"line":82,"column":7}}},{"name":"handlePreviousPage","type":"method","loc":{"start":{"line":84,"column":6},"end":{"line":86,"column":7}}}],"declarationLoc":{"start":{"line":5,"column":0},"end":{"line":88,"column":1}},"doc":"","exports":[{"type":"ExportDefaultDeclaration"}]},"updatedAt":"2024-12-02T14:28:46.089Z"},{"_allAttributes":null,"_properties":null,"_methods":null,"file":"c:/Users/mohit.kapoor/Documents/PracticeLwcData/force-app/main/default/lwc/basicSpeechSynthesis/basicSpeechSynthesis.js","metadata":{"decorators":[],"classMembers":[{"name":"testvalue","type":"property","value":{"type":"string","value":"Press Enter hear it."},"loc":{"start":{"line":7,"column":3},"end":{"line":7,"column":38}}},{"name":"searchKey","type":"property","value":{"type":"string","value":"Speak Something"},"loc":{"start":{"line":8,"column":3},"end":{"line":8,"column":33}}},{"name":"connectedCallback","type":"method","loc":{"start":{"line":19,"column":3},"end":{"line":31,"column":4}}},{"name":"speechToTextDataFound","type":"property","loc":{"start":{"line":35,"column":3},"end":{"line":37,"column":4}}},{"name":"handleClick","type":"method","loc":{"start":{"line":41,"column":3},"end":{"line":48,"column":4}}},{"name":"handleSpeechRecognized","type":"method","loc":{"start":{"line":51,"column":3},"end":{"line":68,"column":4}}},{"name":"handleKeyChange","type":"method","loc":{"start":{"line":70,"column":3},"end":{"line":90,"column":4}}},{"name":"handleClickToStop","type":"method","loc":{"start":{"line":92,"column":3},"end":{"line":96,"column":4}}},{"name":"showAccounts","type":"property","loc":{"start":{"line":99,"column":3},"end":{"line":101,"column":4}}},{"name":"handleAccClick","type":"method","loc":{"start":{"line":103,"column":3},"end":{"line":106,"column":4}}},{"name":"showContacts","type":"property","loc":{"start":{"line":108,"column":3},"end":{"line":110,"column":4}}},{"name":"handleContactClick","type":"method","loc":{"start":{"line":112,"column":3},"end":{"line":116,"column":4}}},{"name":"showOpportunities","type":"property","loc":{"start":{"line":118,"column":3},"end":{"line":120,"column":4}}},{"name":"handleOpportunityClick","type":"method","loc":{"start":{"line":121,"column":3},"end":{"line":124,"column":4}}},{"name":"showLeads","type":"property","loc":{"start":{"line":126,"column":3},"end":{"line":128,"column":4}}},{"name":"handleLeadClick","type":"method","loc":{"start":{"line":130,"column":3},"end":{"line":133,"column":4}}},{"name":"handleNavigation","type":"method","loc":{"start":{"line":135,"column":3},"end":{"line":144,"column":4}}},{"name":"handleCardAction","type":"method","loc":{"start":{"line":145,"column":3},"end":{"line":163,"column":4}}},{"name":"handleEnter","type":"method","loc":{"start":{"line":165,"column":3},"end":{"line":175,"column":4}}},{"name":"navigateToCreatePage","type":"method","loc":{"start":{"line":178,"column":3},"end":{"line":186,"column":4}}}],"declarationLoc":{"start":{"line":4,"column":0},"end":{"line":187,"column":1}},"doc":"","exports":[{"type":"ExportDefaultDeclaration"}]},"updatedAt":"2024-12-12T18:15:06.285Z"},{"_allAttributes":null,"_properties":null,"_methods":null,"file":"c:/Users/mohit.kapoor/Documents/PracticeLwcData/force-app/main/default/lwc/catImages/catImages.js","metadata":{"decorators":[{"type":"track","targets":[{"name":"images","type":"property"},{"name":"error","type":"property"}]}],"classMembers":[{"name":"images","type":"property","decorator":"track","loc":{"start":{"line":5,"column":4},"end":{"line":5,"column":23}}},{"name":"error","type":"property","decorator":"track","loc":{"start":{"line":6,"column":4},"end":{"line":6,"column":17}}},{"name":"connectedCallback","type":"method","loc":{"start":{"line":8,"column":4},"end":{"line":10,"column":5}}},{"name":"fetchCatImages","type":"method","loc":{"start":{"line":12,"column":4},"end":{"line":38,"column":5}}}],"declarationLoc":{"start":{"line":4,"column":0},"end":{"line":39,"column":1}},"doc":"","exports":[{"type":"ExportDefaultDeclaration"}]},"updatedAt":"2024-11-15T15:05:03.792Z"},{"_allAttributes":null,"_properties":null,"_methods":null,"file":"c:/Users/mohit.kapoor/Documents/PracticeLwcData/force-app/main/default/lwc/chatGPT/chatGPT.js","metadata":{"decorators":[],"classMembers":[{"name":"userInput","type":"property","value":{"type":"string","value":""},"loc":{"start":{"line":4,"column":4},"end":{"line":4,"column":19}}},{"name":"messages","type":"property","loc":{"start":{"line":5,"column":4},"end":{"line":5,"column":18}}},{"name":"handleInputChange","type":"method","loc":{"start":{"line":7,"column":4},"end":{"line":9,"column":5}}},{"name":"sendMessage","type":"method","loc":{"start":{"line":11,"column":4},"end":{"line":17,"column":5}}},{"name":"addMessage","type":"method","loc":{"start":{"line":19,"column":4},"end":{"line":25,"column":5}}},{"name":"getChatGPTResponse","type":"method","loc":{"start":{"line":27,"column":4},"end":{"line":60,"column":5}}}],"declarationLoc":{"start":{"line":3,"column":0},"end":{"line":62,"column":1}},"doc":"","exports":[{"type":"ExportDefaultDeclaration"}]},"updatedAt":"2024-12-11T17:12:12.295Z"},{"_allAttributes":null,"_properties":null,"_methods":null,"file":"c:/Users/mohit.kapoor/Documents/PracticeLwcData/force-app/main/default/lwc/childSlotComponent/childSlotComponent.js","metadata":{"decorators":[],"classMembers":[],"declarationLoc":{"start":{"line":3,"column":0},"end":{"line":3,"column":67}},"doc":"","exports":[{"type":"ExportDefaultDeclaration"}]},"updatedAt":"2024-11-26T14:11:27.991Z"},{"_allAttributes":null,"_properties":null,"_methods":null,"file":"c:/Users/mohit.kapoor/Documents/PracticeLwcData/force-app/main/default/lwc/confirmationPopup/confirmationPopup.js","metadata":{"decorators":[{"type":"api","targets":[{"name":"recordId","type":"property","value":{"type":"unresolved"}}]}],"classMembers":[{"name":"recordId","type":"property","value":{"type":"unresolved"},"decorator":"api","loc":{"start":{"line":4,"column":4},"end":{"line":4,"column":18}}},{"name":"handleCancel","type":"method","loc":{"start":{"line":7,"column":4},"end":{"line":9,"column":5}}},{"name":"handleConfirm","type":"method","loc":{"start":{"line":12,"column":4},"end":{"line":21,"column":5}}}],"declarationLoc":{"start":{"line":3,"column":0},"end":{"line":22,"column":1}},"doc":"","exports":[{"type":"ExportDefaultDeclaration"}]},"updatedAt":"2024-11-28T17:16:08.760Z"},{"_allAttributes":null,"_properties":null,"_methods":null,"file":"c:/Users/mohit.kapoor/Documents/PracticeLwcData/force-app/main/default/lwc/copyToClipboard/copyToClipboard.js","metadata":{"decorators":[{"type":"track","targets":[{"name":"showMessage","type":"property"}]}],"classMembers":[{"name":"textToCopy","type":"property","value":{"type":"string","value":"This is the text to copy!"},"loc":{"start":{"line":4,"column":4},"end":{"line":4,"column":45}}},{"name":"showMessage","type":"property","value":{"type":"boolean","value":false},"decorator":"track","loc":{"start":{"line":5,"column":4},"end":{"line":5,"column":31}}},{"name":"copyToClipboard","type":"method","loc":{"start":{"line":7,"column":4},"end":{"line":22,"column":5}}}],"declarationLoc":{"start":{"line":3,"column":0},"end":{"line":23,"column":1}},"doc":"","exports":[{"type":"ExportDefaultDeclaration"}]},"updatedAt":"2024-12-08T15:15:57.692Z"},{"_allAttributes":null,"_properties":null,"_methods":null,"file":"c:/Users/mohit.kapoor/Documents/PracticeLwcData/force-app/main/default/lwc/eyeDetector/eyeDetector.js","metadata":{"decorators":[],"classMembers":[{"name":"videoElement","type":"property","loc":{"start":{"line":4,"column":4},"end":{"line":4,"column":17}}},{"name":"isVideoInitialized","type":"property","value":{"type":"boolean","value":false},"loc":{"start":{"line":5,"column":4},"end":{"line":5,"column":31}}},{"name":"renderedCallback","type":"method","loc":{"start":{"line":7,"column":4},"end":{"line":21,"column":5}}},{"name":"initializeVideoStream","type":"method","loc":{"start":{"line":23,"column":4},"end":{"line":52,"column":5}}}],"declarationLoc":{"start":{"line":3,"column":0},"end":{"line":53,"column":1}},"doc":"","exports":[{"type":"ExportDefaultDeclaration"}]},"updatedAt":"2024-12-13T18:49:41.998Z"},{"_allAttributes":null,"_properties":null,"_methods":null,"file":"c:/Users/mohit.kapoor/Documents/PracticeLwcData/force-app/main/default/lwc/fetchRelatedREcord/fetchRelatedREcord.js","metadata":{"decorators":[{"type":"api","targets":[{"name":"recordId","type":"property","value":{"type":"unresolved"}}]},{"type":"wire","targets":[{"type":"method","name":"relatedRecords","static":{"relatedListId":{"type":"string","value":"Contacts"},"fields":{"type":"array","value":["Contact.Name","Contact.Id","Contact.Email","Contact.Phone"]},"sortBy":{"type":"array","value":["Contact.Name"]}},"params":{"parentRecordId":"recordId"},"adapter":{"name":"getRelatedListRecords","reference":"lightning/uiRelatedListApi"}}]}],"classMembers":[{"name":"recordId","type":"property","value":{"type":"unresolved"},"decorator":"api","loc":{"start":{"line":10,"column":4},"end":{"line":10,"column":18}}},{"name":"records","type":"property","loc":{"start":{"line":11,"column":4},"end":{"line":11,"column":12}}},{"name":"errors","type":"property","loc":{"start":{"line":12,"column":4},"end":{"line":12,"column":11}}},{"name":"columns","type":"property","loc":{"start":{"line":13,"column":4},"end":{"line":13,"column":20}}},{"name":"relatedRecords","type":"method","decorator":"wire","loc":{"start":{"line":14,"column":4},"end":{"line":35,"column":5}}}],"declarationLoc":{"start":{"line":9,"column":0},"end":{"line":36,"column":1}},"doc":"","exports":[{"type":"ExportDefaultDeclaration"}]},"updatedAt":"2024-11-08T13:40:51.144Z"},{"_allAttributes":null,"_properties":null,"_methods":null,"file":"c:/Users/mohit.kapoor/Documents/PracticeLwcData/force-app/main/default/lwc/modalProduct/modalProduct.js","metadata":{"decorators":[{"type":"api","targets":[{"name":"product","type":"property","value":{"type":"unresolved"}},{"name":"isVisible","type":"property","value":{"type":"boolean","value":false}}]}],"classMembers":[{"name":"product","type":"property","value":{"type":"unresolved"},"decorator":"api","loc":{"start":{"line":4,"column":4},"end":{"line":4,"column":17}}},{"name":"isVisible","type":"property","value":{"type":"boolean","value":false},"decorator":"api","loc":{"start":{"line":5,"column":4},"end":{"line":5,"column":27}}},{"name":"leftColumnFields","type":"property","loc":{"start":{"line":7,"column":4},"end":{"line":14,"column":5}}},{"name":"rightColumnFields","type":"property","loc":{"start":{"line":16,"column":4},"end":{"line":23,"column":5}}},{"name":"closeModalAction","type":"method","loc":{"start":{"line":31,"column":4},"end":{"line":33,"column":5}}}],"declarationLoc":{"start":{"line":3,"column":0},"end":{"line":36,"column":1}},"doc":"","exports":[{"type":"ExportDefaultDeclaration"}]},"updatedAt":"2024-11-27T18:18:02.401Z"},{"_allAttributes":null,"_properties":null,"_methods":null,"file":"c:/Users/mohit.kapoor/Documents/PracticeLwcData/force-app/main/default/lwc/parentSlotComponent/parentSlotComponent.js","metadata":{"decorators":[],"classMembers":[],"declarationLoc":{"start":{"line":3,"column":0},"end":{"line":5,"column":1}},"doc":"","exports":[{"type":"ExportDefaultDeclaration"}]},"updatedAt":"2024-11-26T17:03:25.836Z"},{"_allAttributes":null,"_properties":null,"_methods":null,"file":"c:/Users/mohit.kapoor/Documents/PracticeLwcData/force-app/main/default/lwc/productsApi/productsApi.js","metadata":{"decorators":[{"type":"track","targets":[{"name":"products","type":"property"},{"name":"productCategory","type":"property"},{"name":"error","type":"property"},{"name":"selectedData","type":"property"}]}],"classMembers":[{"name":"products","type":"property","decorator":"track","loc":{"start":{"line":86,"column":4},"end":{"line":86,"column":25}}},{"name":"productCategory","type":"property","decorator":"track","loc":{"start":{"line":87,"column":4},"end":{"line":87,"column":32}}},{"name":"error","type":"property","value":{"type":"null","value":null},"decorator":"track","loc":{"start":{"line":88,"column":4},"end":{"line":88,"column":24}}},{"name":"modalContainer","type":"property","value":{"type":"boolean","value":false},"loc":{"start":{"line":89,"column":4},"end":{"line":89,"column":27}}},{"name":"selectedData","type":"property","decorator":"track","loc":{"start":{"line":90,"column":4},"end":{"line":90,"column":26}}},{"name":"endPoint","type":"property","value":{"type":"string","value":"https://dummyjson.com/products"},"loc":{"start":{"line":91,"column":4},"end":{"line":91,"column":48}}},{"name":"isPopupVisible","type":"property","value":{"type":"boolean","value":false},"loc":{"start":{"line":93,"column":4},"end":{"line":93,"column":27}}},{"name":"recordId","type":"property","loc":{"start":{"line":94,"column":4},"end":{"line":94,"column":13}}},{"name":"connectedCallback","type":"method","loc":{"start":{"line":95,"column":4},"end":{"line":97,"column":5}}},{"name":"initializeData","type":"method","loc":{"start":{"line":99,"column":4},"end":{"line":106,"column":5}}},{"name":"fetchCategories","type":"method","loc":{"start":{"line":108,"column":4},"end":{"line":117,"column":5}}},{"name":"fetchProducts","type":"method","loc":{"start":{"line":119,"column":4},"end":{"line":124,"column":5}}},{"name":"fetchData","type":"method","loc":{"start":{"line":126,"column":4},"end":{"line":141,"column":5}}},{"name":"handleChange","type":"method","loc":{"start":{"line":143,"column":4},"end":{"line":148,"column":5}}},{"name":"handleCloseModal","type":"method","loc":{"start":{"line":149,"column":4},"end":{"line":151,"column":5}}},{"name":"detailHandler","type":"method","loc":{"start":{"line":152,"column":3},"end":{"line":161,"column":5}}},{"name":"deleteHandler","type":"method","loc":{"start":{"line":163,"column":4},"end":{"line":174,"column":5}}},{"name":"showPopup","type":"method","loc":{"start":{"line":176,"column":4},"end":{"line":179,"column":5}}},{"name":"handleCancelDelete","type":"method","loc":{"start":{"line":180,"column":4},"end":{"line":182,"column":5}}},{"name":"handleConfirmDelete","type":"method","loc":{"start":{"line":183,"column":4},"end":{"line":187,"column":5}}},{"name":"showMessage","type":"method","loc":{"start":{"line":189,"column":4},"end":{"line":195,"column":5}}}],"declarationLoc":{"start":{"line":85,"column":0},"end":{"line":196,"column":1}},"doc":"","exports":[{"type":"ExportDefaultDeclaration"}]},"updatedAt":"2024-11-28T17:21:16.021Z"},{"_allAttributes":null,"_properties":null,"_methods":null,"file":"c:/Users/mohit.kapoor/Documents/PracticeLwcData/force-app/main/default/lwc/voiceRecorder/voiceRecorder.js","metadata":{"decorators":[{"type":"track","targets":[{"name":"isRecording","type":"property"},{"name":"videoAvailable","type":"property"},{"name":"statusMessage","type":"property"}]}],"classMembers":[{"name":"isRecording","type":"property","value":{"type":"boolean","value":false},"decorator":"track","loc":{"start":{"line":127,"column":4},"end":{"line":127,"column":31}}},{"name":"videoAvailable","type":"property","value":{"type":"boolean","value":false},"decorator":"track","loc":{"start":{"line":128,"column":4},"end":{"line":128,"column":34}}},{"name":"statusMessage","type":"property","decorator":"track","loc":{"start":{"line":129,"column":4},"end":{"line":129,"column":58}}},{"name":"mediaRecorder","type":"property","loc":{"start":{"line":130,"column":4},"end":{"line":130,"column":18}}},{"name":"screenStream","type":"property","loc":{"start":{"line":131,"column":4},"end":{"line":131,"column":17}}},{"name":"audioStream","type":"property","loc":{"start":{"line":132,"column":4},"end":{"line":132,"column":16}}},{"name":"videoChunks","type":"property","loc":{"start":{"line":133,"column":4},"end":{"line":133,"column":21}}},{"name":"videoBlob","type":"property","loc":{"start":{"line":134,"column":4},"end":{"line":134,"column":14}}},{"name":"isNotRecording","type":"property","loc":{"start":{"line":137,"column":4},"end":{"line":139,"column":5}}},{"name":"isVideoNotAvailable","type":"property","loc":{"start":{"line":141,"column":4},"end":{"line":143,"column":5}}},{"name":"startRecording","type":"method","loc":{"start":{"line":145,"column":4},"end":{"line":192,"column":5}}},{"name":"stopRecording","type":"method","loc":{"start":{"line":194,"column":4},"end":{"line":210,"column":5}}},{"name":"updateVideoElement","type":"method","loc":{"start":{"line":212,"column":4},"end":{"line":233,"column":5}}},{"name":"downloadRecording","type":"method","loc":{"start":{"line":235,"column":4},"end":{"line":244,"column":5}}}],"declarationLoc":{"start":{"line":126,"column":0},"end":{"line":245,"column":1}},"doc":"","exports":[{"type":"ExportDefaultDeclaration"}]},"updatedAt":"2024-12-13T09:58:01.560Z"},{"_allAttributes":null,"_properties":null,"_methods":null,"file":"c:/Users/mohit.kapoor/Documents/PracticeLwcData/force-app/main/default/lwc/voiceRecorderSample/voiceRecorderSample.js","metadata":{"decorators":[],"classMembers":[{"name":"isRecording","type":"property","value":{"type":"boolean","value":false},"loc":{"start":{"line":4,"column":4},"end":{"line":4,"column":24}}},{"name":"audioChunks","type":"property","loc":{"start":{"line":5,"column":4},"end":{"line":5,"column":21}}},{"name":"mediaRecorder","type":"property","loc":{"start":{"line":6,"column":4},"end":{"line":6,"column":18}}},{"name":"audioURL","type":"property","loc":{"start":{"line":7,"column":4},"end":{"line":7,"column":13}}},{"name":"audioAvailable","type":"property","value":{"type":"boolean","value":false},"loc":{"start":{"line":8,"column":4},"end":{"line":8,"column":27}}},{"name":"statusMessage","type":"property","value":{"type":"string","value":"Click Start to Begin Recording"},"loc":{"start":{"line":9,"column":4},"end":{"line":9,"column":53}}},{"name":"recordingLabel","type":"property","value":{"type":"string","value":"Start Recording"},"loc":{"start":{"line":10,"column":4},"end":{"line":10,"column":39}}},{"name":"isPlayDisabled","type":"property","value":{"type":"boolean","value":true},"loc":{"start":{"line":11,"column":4},"end":{"line":11,"column":26}}},{"name":"isDownloadDisabled","type":"property","value":{"type":"boolean","value":true},"loc":{"start":{"line":12,"column":4},"end":{"line":12,"column":30}}},{"name":"handleRecordingToggle","type":"method","loc":{"start":{"line":15,"column":4},"end":{"line":21,"column":5}}},{"name":"startRecording","type":"method","loc":{"start":{"line":24,"column":4},"end":{"line":43,"column":5}}},{"name":"stopRecording","type":"method","loc":{"start":{"line":46,"column":4},"end":{"line":51,"column":5}}},{"name":"onRecordingStop","type":"method","loc":{"start":{"line":54,"column":4},"end":{"line":60,"column":5}}},{"name":"handlePlayRecording","type":"method","loc":{"start":{"line":63,"column":4},"end":{"line":66,"column":5}}},{"name":"handleDownloadRecording","type":"method","loc":{"start":{"line":69,"column":4},"end":{"line":74,"column":5}}}],"declarationLoc":{"start":{"line":3,"column":0},"end":{"line":75,"column":1}},"doc":"","exports":[{"type":"ExportDefaultDeclaration"}]},"updatedAt":"2024-12-11T18:44:54.760Z"},{"_allAttributes":null,"_properties":null,"_methods":null,"file":"c:/Users/mohit.kapoor/Documents/PracticeLwcData/force-app/main/default/lwc/wireGetRelatedListRecordsBatch/wireGetRelatedListRecordsBatch.js","metadata":{"decorators":[{"type":"api","targets":[{"name":"recordId","type":"property","value":{"type":"unresolved"}}]},{"type":"wire","targets":[{"type":"method","name":"listInfo","static":{"relatedListParameters":{"type":"array","value":[{"relatedListId":{"type":"String","value":"Contacts"},"fields":{"type":"Array","value":[{"type":"String","value":"Contact.Name"},{"type":"String","value":"Contact.Id"}]},"sortBy":{"type":"Array","value":[{"type":"String","value":"Contact.Name"}]}},{"relatedListId":{"type":"String","value":"Opportunities"},"fields":{"type":"Array","value":[{"type":"String","value":"Opportunity.Name"},{"type":"String","value":"Opportunity.Amount"}]},"sortBy":{"type":"Array","value":[{"type":"String","value":"Opportunity.Amount"}]}}]}},"params":{"parentRecordId":"recordId"},"adapter":{"name":"getRelatedListRecordsBatch","reference":"lightning/uiRelatedListApi"}}]}],"classMembers":[{"name":"error","type":"property","loc":{"start":{"line":5,"column":2},"end":{"line":5,"column":8}}},{"name":"results","type":"property","loc":{"start":{"line":6,"column":2},"end":{"line":6,"column":10}}},{"name":"recordId","type":"property","value":{"type":"unresolved"},"decorator":"api","loc":{"start":{"line":7,"column":2},"end":{"line":7,"column":16}}},{"name":"listInfo","type":"method","decorator":"wire","loc":{"start":{"line":8,"column":2},"end":{"line":31,"column":3}}}],"declarationLoc":{"start":{"line":4,"column":0},"end":{"line":32,"column":1}},"doc":"","exports":[{"type":"ExportDefaultDeclaration"}]},"updatedAt":"2024-11-11T12:30:36.267Z"}]