<?xml version="1.0" encoding="UTF-8"?>
<ApexComponent xmlns="http://soap.sforce.com/2006/04/metadata">
    <apiVersion>27.0</apiVersion>
    <description>This is a generic template for Visualforce Component.  With this template, you may adjust the default elements and values and add new elements and values.</description>
    <label>ObjectGraphImport</label>
    <packageVersions>
        <majorNumber>1</majorNumber>
        <minorNumber>122</minorNumber>
        <namespace>cscfga</namespace>
    </packageVersions>
</ApexComponent>
