<?xml version="1.0" encoding="UTF-8"?>
<ApexComponent xmlns="http://soap.sforce.com/2006/04/metadata">
    <apiVersion>28.0</apiVersion>
    <label>BatchProgressComponent</label>
    <packageVersions>
        <majorNumber>1</majorNumber>
        <minorNumber>102</minorNumber>
        <namespace>CSPOFA</namespace>
    </packageVersions>
    <packageVersions>
        <majorNumber>1</majorNumber>
        <minorNumber>320</minorNumber>
        <namespace>cscfga</namespace>
    </packageVersions>
    <packageVersions>
        <majorNumber>1</majorNumber>
        <minorNumber>16</minorNumber>
        <namespace>csog</namespace>
    </packageVersions>
    <packageVersions>
        <majorNumber>1</majorNumber>
        <minorNumber>15</minorNumber>
        <namespace>csord</namespace>
    </packageVersions>
    <packageVersions>
        <majorNumber>1</majorNumber>
        <minorNumber>8</minorNumber>
        <namespace>csordcb</namespace>
    </packageVersions>
</ApexComponent>
