<?xml version="1.0" encoding="UTF-8"?>
<ApexComponent xmlns="http://soap.sforce.com/2006/04/metadata">
    <apiVersion>30.0</apiVersion>
    <label>LicensingComManageLicenceContacts</label>
    <packageVersions>
        <majorNumber>6</majorNumber>
        <minorNumber>8</minorNumber>
        <namespace>EDQ</namespace>
    </packageVersions>
    <packageVersions>
        <majorNumber>1</majorNumber>
        <minorNumber>18</minorNumber>
        <namespace>csord</namespace>
    </packageVersions>
</ApexComponent>
