<?xml version="1.0" encoding="UTF-8"?>
<ApexComponent xmlns="http://soap.sforce.com/2006/04/metadata">
    <apiVersion>36.0</apiVersion>
    <description>This is a generic template for Visualforce Component.  With this template, you may adjust the default elements and values and add new elements and values.</description>
    <label>LicensingComNewOrgRole</label>
    <packageVersions>
        <majorNumber>6</majorNumber>
        <minorNumber>8</minorNumber>
        <namespace>EDQ</namespace>
    </packageVersions>
</ApexComponent>
