<LightningComponentBundle xmlns="http://soap.sforce.com/2006/04/metadata">
	<apiVersion>57.0</apiVersion>
	<isExposed>true</isExposed>
	<masterLabel>Lwc builder demo</masterLabel>
	<targets>
		<target>lightning__AppPage</target>
		<target>lightning__HomePage</target>
		<target>lightning__RecordPage</target>
		<target>lightningCommunity__Page</target>
	</targets>
	<targetConfigs>
		<targetConfig targets="lightning__AppPage">
			<supportedFormFactors>
				<supportedFormFactor type="Small"/>
				<supportedFormFactor type="Large"/>
			</supportedFormFactors>
		</targetConfig>
		<targetConfig targets="lightning__HomePage">
			<property name="title" type="String" default="LWC Builder DEmo" label="Title" />
			<property name="show" type="Boolean" description=" to hide and show the title" label="Show" />
			<supportedFormFactors>
				<supportedFormFactor type="Large"/>
			</supportedFormFactors>
		</targetConfig>
		<targetConfig targets="lightning__RecordPage">
			<supportedFormFactors>
				<supportedFormFactor type="Small"/>
				<supportedFormFactor type="Large"/>
			</supportedFormFactors>
		</targetConfig>
	</targetConfigs>
</LightningComponentBundle>