<?xml version="1.0"?>
<LightningComponentBundle xmlns="http://soap.sforce.com/2006/04/metadata">
	<apiVersion>57.0</apiVersion>
	<isExposed>true</isExposed>
	<description>oSHistory</description>
	<targets>
		<target>lightning__RecordPage</target>
	</targets>
    <targetConfigs>
        <targetConfig targets="lightning__RecordPage">
            <property name="metadataRecordApiName" label="Custom Metadata Record API Name" type="String" description ="Enter the Custom metadata record Developer name comma seprated." />
			<property name="title" label="Table Title Name" type="String" description ="Enter the Title Name" />
			<property name="iconName" label="Table Icon Name" type="String" description ="Enter the Icon Name" />
        </targetConfig>
    </targetConfigs>
</LightningComponentBundle>