<?xml version="1.0" encoding="UTF-8"?>
<CustomField xmlns="http://soap.sforce.com/2006/04/metadata">
    <fullName>IsCompressed__c</fullName>
    <defaultValue>false</defaultValue>
    <description>If checked, the request body is delivered to the endpoint in the gzip compressed format</description>
    <externalId>false</externalId>
    <fieldManageability>SubscriberControlled</fieldManageability>
    <inlineHelpText>If checked, the request body is delivered to the endpoint in the gzip compressed format</inlineHelpText>
    <label>IsCompressed</label>
    <type>Checkbox</type>
</CustomField>
