<?xml version="1.0" encoding="UTF-8"?>
<LightningComponentBundle xmlns="http://soap.sforce.com/2006/04/metadata">
    <apiVersion>58.0</apiVersion>
    <isExposed>true</isExposed>
    <targets>
        <target>lightning__HomePage</target>
    </targets>
    <targetConfigs>
        <targetConfig targets="lightning__HomePage">
            <property name="otpLength" default="6" type="Integer" min="3" max="7" description="Enter detsils" label="Enter OTP Length between 3 to 6 Digit" />
            <property name="timeDuration" default="15" type="Integer" min="10" max="30" description='Enter Time in Second' label="Enter Time Duration" />
        </targetConfig>
    </targetConfigs>
</LightningComponentBundle>