<?xml version="1.0" encoding="UTF-8"?>
<CustomField xmlns="http://soap.sforce.com/2006/04/metadata">
    <fullName>URLParameters__c</fullName>
    <description>URL Parameters stored as key-value pairs</description>
    <externalId>false</externalId>
    <fieldManageability>SubscriberControlled</fieldManageability>
    <inlineHelpText>Use the below format to store URL parameters:-

key1:value1
key2:value2
key3:value3</inlineHelpText>
    <label>URLParameters</label>
    <length>131072</length>
    <type>LongTextArea</type>
    <visibleLines>3</visibleLines>
</CustomField>
