<?xml version="1.0" encoding="UTF-8"?>
<LightningComponentBundle xmlns="http://soap.sforce.com/2006/04/metadata">
    <apiVersion>58.0</apiVersion>
    <isExposed>true</isExposed>
    <masterLabel>Display Map</masterLabel>
    <description>this is used for screen flow</description>
    <targets>
    <target>lightning__FlowScreen</target>
    </targets>
    <targetConfigs>
    <targetConfig targets="lightning__FlowScreen">
    <property label="Street" name="street" type="String" role="inputOnly"/>
     <property label="city" name="city" type="String" role="inputOnly"/>
      <property label="country" name="country" type="String" role="inputOnly"/>
       <property label="title" name="title" type="String" role="inputOnly"/>
        <property label="description" name="description" type="String" role="inputOnly"/>
         <property label="postalCode" name="postalCode" type="String" role="inputOnly"/>
          <property label="state" name="state" type="String" role="inputOnly"/>
    </targetConfig>
    </targetConfigs>
</LightningComponentBundle>