<?xml version="1.0" encoding="UTF-8"?>
<LightningMessageChannel xmlns="http://soap.sforce.com/2006/04/metadata">
    <description>This is a sample Lightning Message Channel for the Lightning Web Components Superbadge.</description>
    <isExposed>true</isExposed>
    <lightningMessageFields>
        <description>This is the record Id that changed</description>
        <fieldName>recordId</fieldName>
    </lightningMessageFields>
    <masterLabel>BoatMessageChannel</masterLabel>
</LightningMessageChannel>
