<?xml version="1.0" encoding="UTF-8"?>
<CustomField xmlns="http://soap.sforce.com/2006/04/metadata">
    <fullName>Prepared_For__c</fullName>
    <deleteConstraint>SetNull</deleteConstraint>
    <externalId>false</externalId>
    <label>Prepared For</label>
    <lookupFilter>
        <active>true</active>
        <filterItems>
            <field>$Source.Status__c</field>
            <operation>equals</operation>
            <valueField>Action__c.Prepared_For__r.Status__c</valueField>
        </filterItems>
        <isOptional>true</isOptional>
    </lookupFilter>
    <referenceTo>Action__c</referenceTo>
    <relationshipLabel>Actions</relationshipLabel>
    <relationshipName>Actions</relationshipName>
    <required>false</required>
    <trackHistory>false</trackHistory>
    <trackTrending>false</trackTrending>
    <type>Lookup</type>
</CustomField>
