<?xml version="1.0"?>
<LightningComponentBundle xmlns="http://soap.sforce.com/2006/04/metadata">
	<apiVersion>57.0</apiVersion>
	<isExposed>true</isExposed>
	<description>osSensitiveContainerLwc</description>
	<targets>
		<target>lightning__RecordPage</target>
	</targets>
	<targetConfigs>
        <targetConfig targets="lightning__RecordPage">
            <property name="title" label="Title" type="String" description ="Enter the title." />
            <property name="metadataRecordApiName" label="Custom Metadata Record API Name" type="String" description ="Enter the Custom metadata record Developer name." />
            <property name="fieldToDisplay" label="fieldToDisplay" type="String" description ="Field to Display Api Name" />
			<property name="modalMessage" label="modalMessage" type="String" description ="Modal Message" />
        </targetConfig>
    </targetConfigs>
</LightningComponentBundle>