<?xml version="1.0" encoding="UTF-8"?>
<LightningComponentBundle xmlns="http://soap.sforce.com/2006/04/metadata">
    <apiVersion>56.0</apiVersion>
    <isExposed>true</isExposed>
    <targets>
    <target>lightning__FlowScreen</target>
    </targets>
    <targetConfigs>
     <targetConfig targets="lightning__FlowScreen">
      <property name='fname' label="Enter First Name" type="String" role="outputOnly"/>
         <property name='lname' label="Enter Last Name" type="String" role="outputOnly"/>
     </targetConfig>
    </targetConfigs>

</LightningComponentBundle>
