[{"_allAttributes":null,"_properties":null,"_methods":null,"file":"c:/Users/mohit.kapoor/Documents/pract25/pract25/force-app/main/default/lwc/accountCreationWithApex/accountCreationWithApex.js","metadata":{"decorators":[],"classMembers":[{"name":"accountDetails","type":"property","value":{"type":"object","value":{"accName":{"type":"string","value":""},"accNumber":{"type":"string","value":""}}},"loc":{"start":{"line":7,"column":4},"end":{"line":10,"column":5}}},{"name":"changeHandler","type":"method","loc":{"start":{"line":11,"column":4},"end":{"line":27,"column":5}}},{"name":"createAccount","type":"method","loc":{"start":{"line":29,"column":4},"end":{"line":69,"column":5}}},{"name":"showMessage","type":"method","loc":{"start":{"line":96,"column":4},"end":{"line":102,"column":5}}},{"name":"resetHandler","type":"method","loc":{"start":{"line":104,"column":4},"end":{"line":112,"column":5}}},{"name":"handleFocus","type":"method","loc":{"start":{"line":114,"column":4},"end":{"line":116,"column":5}}},{"name":"handleBlur","type":"method","loc":{"start":{"line":118,"column":4},"end":{"line":120,"column":5}}}],"declarationLoc":{"start":{"line":5,"column":0},"end":{"line":121,"column":1}},"doc":"","exports":[{"type":"ExportDefaultDeclaration"}]},"updatedAt":"2025-03-12T17:54:05.980Z"},{"_allAttributes":null,"_properties":null,"_methods":null,"file":"c:/Users/mohit.kapoor/Documents/pract25/pract25/force-app/main/default/lwc/accountCreationWithoutApex/accountCreationWithoutApex.js","metadata":{"decorators":[{"type":"wire","targets":[{"name":"accountInfo","type":"property","static":{"objectApiName":{"type":"unresolved"}},"params":{},"adapter":{"name":"getObjectInfo","reference":"lightning/uiObjectInfoApi"}},{"name":"ratingInfo","type":"property","static":{"fieldApiName":{"type":"unresolved"}},"params":{"recordTypeId":"accountInfo.data.defaultRecordTypeId"},"adapter":{"name":"getPicklistValues","reference":"lightning/uiObjectInfoApi"}},{"name":"accountPickListValues","type":"property","static":{"objectApiName":{"type":"unresolved"}},"params":{"recordTypeId":"accountInfo.data.defaultRecordTypeId"},"adapter":{"name":"getPicklistValuesByRecordType","reference":"lightning/uiObjectInfoApi"}}]}],"classMembers":[{"name":"accoutDetails","type":"property","value":{"type":"object","value":{"accName":{"type":"string","value":""},"accRating":{"type":"string","value":""},"accType":{"type":"string","value":""},"parentAcc":{"type":"string","value":""}}},"loc":{"start":{"line":14,"column":4},"end":{"line":19,"column":5}}},{"name":"accountInfo","type":"property","decorator":"wire","loc":{"start":{"line":20,"column":4},"end":{"line":21,"column":16}}},{"name":"ratingInfo","type":"property","decorator":"wire","loc":{"start":{"line":23,"column":4},"end":{"line":27,"column":15}}},{"name":"accountPickListValues","type":"property","decorator":"wire","loc":{"start":{"line":29,"column":4},"end":{"line":33,"column":26}}},{"name":"TypePickList","type":"property","loc":{"start":{"line":35,"column":4},"end":{"line":37,"column":5}}},{"name":"changleHandler","type":"method","loc":{"start":{"line":38,"column":4},"end":{"line":48,"column":5}}},{"name":"createAccountHandler","type":"method","loc":{"start":{"line":50,"column":4},"end":{"line":91,"column":5}}},{"name":"showmessage","type":"method","loc":{"start":{"line":92,"column":4},"end":{"line":98,"column":5}}},{"name":"navigateToRecordPage","type":"method","loc":{"start":{"line":100,"column":4},"end":{"line":110,"column":5}}},{"name":"resetHandler","type":"method","loc":{"start":{"line":112,"column":4},"end":{"line":121,"column":5}}}],"declarationLoc":{"start":{"line":12,"column":0},"end":{"line":205,"column":1}},"doc":"","exports":[{"type":"ExportDefaultDeclaration"}]},"updatedAt":"2025-03-12T17:54:06.104Z"},{"_allAttributes":null,"_properties":null,"_methods":null,"file":"c:/Users/mohit.kapoor/Documents/pract25/pract25/force-app/main/default/lwc/alertDialog/alertDialog.js","metadata":{"decorators":[],"classMembers":[{"name":"isModalOpen","type":"property","value":{"type":"boolean","value":false},"loc":{"start":{"line":19,"column":4},"end":{"line":19,"column":24}}},{"name":"handleWindowKeyDownEvent","type":"property","loc":{"start":{"line":20,"column":4},"end":{"line":20,"column":29}}},{"name":"handleWindowKeyUpEvent","type":"property","loc":{"start":{"line":21,"column":4},"end":{"line":21,"column":27}}},{"name":"handleKeyDownEvent","type":"property","loc":{"start":{"line":22,"column":4},"end":{"line":22,"column":23}}},{"name":"headerTitle","type":"property","value":{"type":"string","value":"Modal Header"},"loc":{"start":{"line":24,"column":4},"end":{"line":24,"column":30}}},{"name":"formattedMessage","type":"property","value":{"type":"string","value":"Some modal body content."},"loc":{"start":{"line":25,"column":4},"end":{"line":25,"column":40}}},{"name":"closeLabel","type":"property","value":{"type":"string","value":"Close"},"loc":{"start":{"line":26,"column":4},"end":{"line":26,"column":28}}},{"name":"acceptLabel","type":"property","value":{"type":"string","value":"Accept"},"loc":{"start":{"line":27,"column":4},"end":{"line":27,"column":30}}},{"name":"connectedCallback","type":"method","loc":{"start":{"line":29,"column":4},"end":{"line":37,"column":5}}},{"name":"renderedCallback","type":"method","loc":{"start":{"line":39,"column":4},"end":{"line":43,"column":5}}},{"name":"disconnectedCallback","type":"method","loc":{"start":{"line":45,"column":4},"end":{"line":49,"column":5}}},{"name":"modalClasses","type":"property","loc":{"start":{"line":51,"column":4},"end":{"line":53,"column":5}}},{"name":"modalBgClasses","type":"property","loc":{"start":{"line":55,"column":4},"end":{"line":57,"column":5}}},{"name":"handleModalOpen","type":"method","loc":{"start":{"line":59,"column":4},"end":{"line":61,"column":5}}},{"name":"handleModalClose","type":"method","loc":{"start":{"line":63,"column":4},"end":{"line":65,"column":5}}},{"name":"handleWindowKeyUp","type":"method","loc":{"start":{"line":67,"column":4},"end":{"line":69,"column":5}}},{"name":"handleWindowKeyDown","type":"method","loc":{"start":{"line":71,"column":4},"end":{"line":73,"column":5}}},{"name":"handleKeyDown","type":"method","loc":{"start":{"line":75,"column":4},"end":{"line":77,"column":5}}},{"name":"handleModalAccept","type":"method","loc":{"start":{"line":79,"column":4},"end":{"line":83,"column":5}}}],"declarationLoc":{"start":{"line":18,"column":0},"end":{"line":84,"column":1}},"doc":"","exports":[{"type":"ExportDefaultDeclaration"}]},"updatedAt":"2025-03-12T17:54:06.122Z"},{"_allAttributes":null,"_properties":null,"_methods":null,"file":"c:/Users/mohit.kapoor/Documents/pract25/pract25/force-app/main/default/lwc/callLwcinFlow/callLwcinFlow.js","metadata":{"decorators":[{"type":"api","targets":[{"name":"fname","type":"property","value":{"type":"unresolved"}},{"name":"lname","type":"property","value":{"type":"unresolved"}}]}],"classMembers":[{"name":"fname","type":"property","value":{"type":"unresolved"},"decorator":"api","loc":{"start":{"line":4,"column":4},"end":{"line":4,"column":15}}},{"name":"lname","type":"property","value":{"type":"unresolved"},"decorator":"api","loc":{"start":{"line":5,"column":4},"end":{"line":5,"column":15}}},{"name":"changerHandler","type":"method","loc":{"start":{"line":6,"column":4},"end":{"line":8,"column":5}}}],"declarationLoc":{"start":{"line":3,"column":0},"end":{"line":9,"column":1}},"doc":"","exports":[{"type":"ExportDefaultDeclaration"}]},"updatedAt":"2025-03-12T17:54:06.010Z"},{"_allAttributes":null,"_properties":null,"_methods":null,"file":"c:/Users/mohit.kapoor/Documents/pract25/pract25/force-app/main/default/lwc/child/child.js","metadata":{"decorators":[],"classMembers":[{"name":"changeHandler","type":"method","loc":{"start":{"line":5,"column":4},"end":{"line":13,"column":5}}}],"declarationLoc":{"start":{"line":3,"column":0},"end":{"line":14,"column":1}},"doc":"","exports":[{"type":"ExportDefaultDeclaration"}]},"updatedAt":"2025-03-12T17:54:06.064Z"},{"_allAttributes":null,"_properties":null,"_methods":null,"file":"c:/Users/mohit.kapoor/Documents/pract25/pract25/force-app/main/default/lwc/childComponent/childComponent.js","metadata":{"decorators":[],"classMembers":[{"name":"dispatchCustomEvent","type":"method","loc":{"start":{"line":4,"column":2},"end":{"line":12,"column":3}}}],"declarationLoc":{"start":{"line":3,"column":0},"end":{"line":13,"column":1}},"doc":"","exports":[{"type":"ExportDefaultDeclaration"}]},"updatedAt":"2025-03-12T17:54:06.022Z"},{"_allAttributes":null,"_properties":null,"_methods":null,"file":"c:/Users/mohit.kapoor/Documents/pract25/pract25/force-app/main/default/lwc/displayAccountDetails/displayAccountDetails.js","metadata":{"decorators":[],"classMembers":[{"name":"accountId","type":"property","loc":{"start":{"line":5,"column":4},"end":{"line":5,"column":14}}},{"name":"changleHandler","type":"method","loc":{"start":{"line":6,"column":4},"end":{"line":9,"column":5}}}],"declarationLoc":{"start":{"line":3,"column":0},"end":{"line":10,"column":1}},"doc":"","exports":[{"type":"ExportDefaultDeclaration"}]},"updatedAt":"2025-03-12T17:54:06.064Z"},{"_allAttributes":null,"_properties":null,"_methods":null,"file":"c:/Users/mohit.kapoor/Documents/pract25/pract25/force-app/main/default/lwc/displayAccountRelatedContacts/displayAccountRelatedContacts.js","metadata":{"decorators":[{"type":"wire","targets":[{"type":"method","name":"contacts","static":{},"params":{"accId":"accountId"},"adapter":{"name":"getContacts","reference":"@salesforce/apex/AccountController.getContacts"}}]}],"classMembers":[{"name":"columns","type":"property","loc":{"start":{"line":7,"column":4},"end":{"line":11,"column":5}}},{"name":"accountId","type":"property","loc":{"start":{"line":12,"column":4},"end":{"line":12,"column":14}}},{"name":"accountList","type":"property","loc":{"start":{"line":13,"column":4},"end":{"line":13,"column":19}}},{"name":"contactList","type":"property","loc":{"start":{"line":14,"column":4},"end":{"line":14,"column":19}}},{"name":"connectedCallback","type":"method","loc":{"start":{"line":15,"column":4},"end":{"line":22,"column":5}}},{"name":"changleHandler","type":"method","loc":{"start":{"line":24,"column":4},"end":{"line":27,"column":5}}},{"name":"contacts","type":"method","decorator":"wire","loc":{"start":{"line":29,"column":4},"end":{"line":51,"column":5}}}],"declarationLoc":{"start":{"line":5,"column":0},"end":{"line":52,"column":1}},"doc":"","exports":[{"type":"ExportDefaultDeclaration"}]},"updatedAt":"2025-03-12T17:54:06.001Z"},{"_allAttributes":null,"_properties":null,"_methods":null,"file":"c:/Users/mohit.kapoor/Documents/pract25/pract25/force-app/main/default/lwc/displayAccountusingRating/displayAccountusingRating.js","metadata":{"decorators":[{"type":"wire","targets":[{"name":"accountInfo","type":"property","static":{"objectApiName":{"type":"unresolved"}},"params":{},"adapter":{"name":"getObjectInfo","reference":"lightning/uiObjectInfoApi"}},{"name":"ratingInfo","type":"property","static":{"fieldApiName":{"type":"unresolved"}},"params":{"recordTypeId":"accountInfo.data.defaultRecordTypeId"},"adapter":{"name":"getPicklistValues","reference":"lightning/uiObjectInfoApi"}}]}],"classMembers":[{"name":"accountList","type":"property","loc":{"start":{"line":8,"column":4},"end":{"line":8,"column":19}}},{"name":"columns","type":"property","loc":{"start":{"line":10,"column":4},"end":{"line":13,"column":5}}},{"name":"accountInfo","type":"property","decorator":"wire","loc":{"start":{"line":15,"column":4},"end":{"line":16,"column":16}}},{"name":"ratingInfo","type":"property","decorator":"wire","loc":{"start":{"line":18,"column":4},"end":{"line":22,"column":15}}},{"name":"changleHandler","type":"method","loc":{"start":{"line":24,"column":4},"end":{"line":31,"column":5}}},{"name":"checkRecord","type":"property","loc":{"start":{"line":32,"column":4},"end":{"line":34,"column":4}}},{"name":"clickHandler","type":"method","loc":{"start":{"line":36,"column":4},"end":{"line":55,"column":5}}},{"name":"convertArrayToCsv","type":"method","loc":{"start":{"line":62,"column":4},"end":{"line":82,"column":5}}},{"name":"createLinkForDownload","type":"method","loc":{"start":{"line":85,"column":4},"end":{"line":91,"column":5}}}],"declarationLoc":{"start":{"line":7,"column":0},"end":{"line":92,"column":1}},"doc":"","exports":[{"type":"ExportDefaultDeclaration"}]},"updatedAt":"2025-03-12T17:54:06.087Z"},{"_allAttributes":null,"_properties":null,"_methods":null,"file":"c:/Users/mohit.kapoor/Documents/pract25/pract25/force-app/main/default/lwc/getAccountDetail/getAccountDetail.js","metadata":{"decorators":[{"type":"api","targets":[{"name":"recordId","type":"property","value":{"type":"unresolved"}}]},{"type":"wire","targets":[{"name":"account","type":"property","static":{"fields":{"type":"array","value":[null,null]}},"params":{"recordId":"recordId"},"adapter":{"name":"getRecord","reference":"lightning/uiRecordApi"}}]}],"classMembers":[{"name":"recordId","type":"property","value":{"type":"unresolved"},"decorator":"api","loc":{"start":{"line":7,"column":0},"end":{"line":7,"column":14}}},{"name":"account","type":"property","decorator":"wire","loc":{"start":{"line":8,"column":4},"end":{"line":9,"column":12}}},{"name":"accountName","type":"property","loc":{"start":{"line":11,"column":4},"end":{"line":13,"column":5}}},{"name":"accRating","type":"property","loc":{"start":{"line":15,"column":4},"end":{"line":17,"column":5}}}],"declarationLoc":{"start":{"line":5,"column":0},"end":{"line":23,"column":1}},"doc":"","exports":[{"type":"ExportDefaultDeclaration"}]},"updatedAt":"2025-03-12T17:54:05.958Z"},{"_allAttributes":null,"_properties":null,"_methods":null,"file":"c:/Users/mohit.kapoor/Documents/pract25/pract25/force-app/main/default/lwc/grandParent/grandParent.js","metadata":{"decorators":[],"classMembers":[{"name":"value","type":"property","loc":{"start":{"line":5,"column":3},"end":{"line":5,"column":9}}},{"name":"recieveHandler","type":"method","loc":{"start":{"line":6,"column":4},"end":{"line":8,"column":5}}}],"declarationLoc":{"start":{"line":3,"column":0},"end":{"line":9,"column":1}},"doc":"","exports":[{"type":"ExportDefaultDeclaration"}]},"updatedAt":"2025-03-12T17:54:06.070Z"},{"_allAttributes":null,"_properties":null,"_methods":null,"file":"c:/Users/mohit.kapoor/Documents/pract25/pract25/force-app/main/default/lwc/grandparentComponent/grandparentComponent.js","metadata":{"decorators":[],"classMembers":[{"name":"handleGrandparentClick","type":"method","loc":{"start":{"line":4,"column":2},"end":{"line":8,"column":3}}}],"declarationLoc":{"start":{"line":3,"column":0},"end":{"line":9,"column":1}},"doc":"","exports":[{"type":"ExportDefaultDeclaration"}]},"updatedAt":"2025-03-12T17:54:06.095Z"},{"_allAttributes":null,"_properties":null,"_methods":null,"file":"c:/Users/mohit.kapoor/Documents/pract25/pract25/force-app/main/default/lwc/parent/parent.js","metadata":{"decorators":[],"classMembers":[{"name":"value","type":"property","loc":{"start":{"line":4,"column":4},"end":{"line":4,"column":10}}},{"name":"recieveHandler","type":"method","loc":{"start":{"line":5,"column":4},"end":{"line":7,"column":5}}}],"declarationLoc":{"start":{"line":3,"column":0},"end":{"line":8,"column":1}},"doc":"","exports":[{"type":"ExportDefaultDeclaration"}]},"updatedAt":"2025-03-12T17:54:06.057Z"},{"_allAttributes":null,"_properties":null,"_methods":null,"file":"c:/Users/mohit.kapoor/Documents/pract25/pract25/force-app/main/default/lwc/parentComponent/parentComponent.js","metadata":{"decorators":[],"classMembers":[{"name":"handleParentClick","type":"method","loc":{"start":{"line":4,"column":2},"end":{"line":10,"column":3}}}],"declarationLoc":{"start":{"line":3,"column":0},"end":{"line":11,"column":1}},"doc":"","exports":[{"type":"ExportDefaultDeclaration"}]},"updatedAt":"2025-03-12T17:54:06.095Z"},{"_allAttributes":null,"_properties":null,"_methods":null,"file":"c:/Users/mohit.kapoor/Documents/pract25/pract25/force-app/main/default/lwc/quickActiondemo/quickActiondemo.js","metadata":{"decorators":[{"type":"api","targets":[{"name":"recordId","type":"property","value":{"type":"unresolved"}}]}],"classMembers":[{"name":"recordId","type":"property","value":{"type":"unresolved"},"decorator":"api","loc":{"start":{"line":8,"column":4},"end":{"line":8,"column":18}}},{"name":"fieldList","type":"property","value":{"type":"object","value":{"LastName":{"type":"unresolved"},"LeadSource":{"type":"unresolved"}}},"loc":{"start":{"line":9,"column":4},"end":{"line":12,"column":5}}},{"name":"submitHandler","type":"method","loc":{"start":{"line":14,"column":4},"end":{"line":22,"column":5}}},{"name":"closeHandler","type":"method","loc":{"start":{"line":24,"column":4},"end":{"line":26,"column":5}}}],"declarationLoc":{"start":{"line":6,"column":0},"end":{"line":27,"column":1}},"doc":"","exports":[{"type":"ExportDefaultDeclaration"}]},"updatedAt":"2025-03-12T17:54:05.998Z"},{"_allAttributes":null,"_properties":null,"_methods":null,"file":"c:/Users/mohit.kapoor/Documents/pract25/pract25/force-app/main/default/lwc/accountCsvUploader/accountCsvUploader.js","metadata":{"decorators":[{"type":"wire","targets":[{"type":"method","name":"wiredAccountFields","static":{},"params":{},"adapter":{"name":"getAccountFields","reference":"@salesforce/apex/AccountCsvController.getAccountFields"}}]},{"type":"track","targets":[{"name":"csvHeaders","type":"property"},{"name":"csvData","type":"property"},{"name":"accountFieldOptions","type":"property"},{"name":"fieldMappings","type":"property"}]}],"classMembers":[{"name":"csvHeaders","type":"property","decorator":"track","loc":{"start":{"line":90,"column":4},"end":{"line":90,"column":27}}},{"name":"csvData","type":"property","decorator":"track","loc":{"start":{"line":91,"column":4},"end":{"line":91,"column":24}}},{"name":"accountFieldOptions","type":"property","decorator":"track","loc":{"start":{"line":92,"column":4},"end":{"line":92,"column":36}}},{"name":"fieldMappings","type":"property","value":{"type":"object","value":{}},"decorator":"track","loc":{"start":{"line":93,"column":4},"end":{"line":93,"column":30}}},{"name":"wiredAccountFields","type":"method","decorator":"wire","loc":{"start":{"line":95,"column":4},"end":{"line":102,"column":5}}},{"name":"handleFileUpload","type":"method","loc":{"start":{"line":104,"column":4},"end":{"line":116,"column":5}}},{"name":"processCSV","type":"method","loc":{"start":{"line":118,"column":4},"end":{"line":122,"column":5}}},{"name":"handleFieldMapping","type":"method","loc":{"start":{"line":124,"column":4},"end":{"line":128,"column":5}}},{"name":"handleSave","type":"method","loc":{"start":{"line":208,"column":4},"end":{"line":351,"column":5}}},{"name":"showToast","type":"method","loc":{"start":{"line":352,"column":4},"end":{"line":359,"column":5}}}],"declarationLoc":{"start":{"line":89,"column":0},"end":{"line":360,"column":1}},"doc":"","exports":[{"type":"ExportDefaultDeclaration"}]},"updatedAt":"2025-03-12T17:54:06.150Z"},{"_allAttributes":null,"_properties":null,"_methods":null,"file":"c:/Users/mohit.kapoor/Documents/pract25/pract25/force-app/main/default/lwc/checkmodeltest/checkmodeltest.js","metadata":{"decorators":[],"classMembers":[],"declarationLoc":{"start":{"line":3,"column":0},"end":{"line":3,"column":63}},"doc":"","exports":[{"type":"ExportDefaultDeclaration"}]},"updatedAt":"2025-01-27T09:16:15.207Z"},{"_allAttributes":null,"_properties":null,"_methods":null,"file":"c:/Users/mohit.kapoor/Documents/pract25/pract25/force-app/main/default/lwc/cSVFileReadLWC/cSVFileReadLWC.js","metadata":{"decorators":[{"type":"api","targets":[{"name":"recordId","type":"property","value":{"type":"unresolved"}}]},{"type":"track","targets":[{"name":"error","type":"property"},{"name":"columnsAccount","type":"property"},{"name":"data","type":"property"}]}],"classMembers":[{"name":"recordId","type":"property","value":{"type":"unresolved"},"decorator":"api","loc":{"start":{"line":14,"column":4},"end":{"line":14,"column":18}}},{"name":"error","type":"property","decorator":"track","loc":{"start":{"line":15,"column":4},"end":{"line":15,"column":17}}},{"name":"columnsAccount","type":"property","decorator":"track","loc":{"start":{"line":16,"column":4},"end":{"line":16,"column":43}}},{"name":"data","type":"property","decorator":"track","loc":{"start":{"line":17,"column":4},"end":{"line":17,"column":16}}},{"name":"acceptedCSVFormats","type":"property","loc":{"start":{"line":20,"column":4},"end":{"line":22,"column":5}}},{"name":"uploadFileHandler","type":"method","loc":{"start":{"line":24,"column":4},"end":{"line":52,"column":5}}}],"declarationLoc":{"start":{"line":13,"column":0},"end":{"line":53,"column":1}},"doc":"","exports":[{"type":"ExportDefaultDeclaration"}]},"updatedAt":"2025-03-12T17:54:06.142Z"},{"_allAttributes":null,"_properties":null,"_methods":null,"file":"c:/Users/mohit.kapoor/Documents/pract25/pract25/force-app/main/default/lwc/cSVFileUploaderLWC/cSVFileUploaderLWC.js","metadata":{"decorators":[{"type":"api","targets":[{"name":"recordid","type":"property","value":{"type":"unresolved"}}]},{"type":"track","targets":[{"name":"columns","type":"property"},{"name":"data","type":"property"},{"name":"fileName","type":"property"},{"name":"UploadFile","type":"property"},{"name":"showSpinner","type":"property"},{"name":"isTrue","type":"property"}]}],"classMembers":[{"name":"recordid","type":"property","value":{"type":"unresolved"},"decorator":"api","loc":{"start":{"line":10,"column":4},"end":{"line":10,"column":18}}},{"name":"columns","type":"property","decorator":"track","loc":{"start":{"line":11,"column":4},"end":{"line":11,"column":29}}},{"name":"data","type":"property","decorator":"track","loc":{"start":{"line":12,"column":4},"end":{"line":12,"column":16}}},{"name":"fileName","type":"property","decorator":"track","loc":{"start":{"line":13,"column":4},"end":{"line":13,"column":25}}},{"name":"UploadFile","type":"property","decorator":"track","loc":{"start":{"line":14,"column":4},"end":{"line":14,"column":42}}},{"name":"showSpinner","type":"property","value":{"type":"boolean","value":false},"decorator":"track","loc":{"start":{"line":15,"column":4},"end":{"line":15,"column":31}}},{"name":"isTrue","type":"property","value":{"type":"boolean","value":false},"decorator":"track","loc":{"start":{"line":16,"column":4},"end":{"line":16,"column":26}}},{"name":"selectedRecords","type":"property","loc":{"start":{"line":17,"column":4},"end":{"line":17,"column":20}}},{"name":"filesUploaded","type":"property","loc":{"start":{"line":18,"column":4},"end":{"line":18,"column":23}}},{"name":"file","type":"property","loc":{"start":{"line":19,"column":4},"end":{"line":19,"column":9}}},{"name":"fileContents","type":"property","loc":{"start":{"line":20,"column":4},"end":{"line":20,"column":17}}},{"name":"fileReader","type":"property","loc":{"start":{"line":21,"column":4},"end":{"line":21,"column":15}}},{"name":"content","type":"property","loc":{"start":{"line":22,"column":4},"end":{"line":22,"column":12}}},{"name":"MAX_FILE_SIZE","type":"property","loc":{"start":{"line":23,"column":4},"end":{"line":23,"column":28}}},{"name":"handleFilesChange","type":"method","loc":{"start":{"line":24,"column":4},"end":{"line":29,"column":5}}},{"name":"handleSave","type":"method","loc":{"start":{"line":30,"column":4},"end":{"line":36,"column":5}}},{"name":"uploadHelper","type":"method","loc":{"start":{"line":37,"column":4},"end":{"line":50,"column":5}}},{"name":"saveToFile","type":"method","loc":{"start":{"line":51,"column":4},"end":{"line":65,"column":5}}},{"name":"showToast","type":"method","loc":{"start":{"line":66,"column":4},"end":{"line":74,"column":5}}}],"declarationLoc":{"start":{"line":9,"column":0},"end":{"line":75,"column":1}},"doc":"","exports":[{"type":"ExportDefaultDeclaration"}]},"updatedAt":"2025-03-12T17:54:06.082Z"},{"_allAttributes":null,"_properties":null,"_methods":null,"file":"c:/Users/mohit.kapoor/Documents/pract25/pract25/force-app/main/default/lwc/csvUploader/csvUploader.js","metadata":{"decorators":[{"type":"track","targets":[{"name":"data","type":"property"},{"name":"columns","type":"property"}]}],"classMembers":[{"name":"data","type":"property","decorator":"track","loc":{"start":{"line":4,"column":4},"end":{"line":4,"column":21}}},{"name":"columns","type":"property","decorator":"track","loc":{"start":{"line":5,"column":4},"end":{"line":5,"column":24}}},{"name":"handleFileUpload","type":"method","loc":{"start":{"line":7,"column":4},"end":{"line":17,"column":5}}},{"name":"processCSV","type":"method","loc":{"start":{"line":19,"column":4},"end":{"line":44,"column":5}}}],"declarationLoc":{"start":{"line":3,"column":0},"end":{"line":45,"column":1}},"doc":"","exports":[{"type":"ExportDefaultDeclaration"}]},"updatedAt":"2025-03-12T17:54:05.958Z"},{"_allAttributes":null,"_properties":null,"_methods":null,"file":"c:/Users/mohit.kapoor/Documents/pract25/pract25/force-app/main/default/lwc/customDataSource/customDataSource.js","metadata":{"decorators":[{"type":"track","targets":[{"name":"name","type":"property"},{"name":"description","type":"property"},{"name":"fileData","type":"property"},{"name":"insertedRecords","type":"property"}]}],"classMembers":[{"name":"name","type":"property","decorator":"track","loc":{"start":{"line":7,"column":4},"end":{"line":7,"column":21}}},{"name":"description","type":"property","decorator":"track","loc":{"start":{"line":8,"column":4},"end":{"line":8,"column":28}}},{"name":"fileData","type":"property","decorator":"track","loc":{"start":{"line":9,"column":4},"end":{"line":9,"column":25}}},{"name":"insertedRecords","type":"property","decorator":"track","loc":{"start":{"line":10,"column":4},"end":{"line":10,"column":32}}},{"name":"handleInputChange","type":"method","loc":{"start":{"line":12,"column":4},"end":{"line":19,"column":5}}},{"name":"handleFileUpload","type":"method","loc":{"start":{"line":21,"column":4},"end":{"line":40,"column":5}}},{"name":"handleSave","type":"method","loc":{"start":{"line":42,"column":4},"end":{"line":61,"column":5}}},{"name":"clearForm","type":"method","loc":{"start":{"line":63,"column":4},"end":{"line":68,"column":5}}},{"name":"showToast","type":"method","loc":{"start":{"line":70,"column":4},"end":{"line":76,"column":5}}}],"declarationLoc":{"start":{"line":6,"column":0},"end":{"line":77,"column":1}},"doc":"","exports":[{"type":"ExportDefaultDeclaration"}]},"updatedAt":"2025-02-04T13:31:04.568Z"},{"_allAttributes":null,"_properties":null,"_methods":null,"file":"c:/Users/mohit.kapoor/Documents/pract25/pract25/force-app/main/default/lwc/lwcCSVUploader/lwcCSVUploader.js","metadata":{"decorators":[{"type":"api","targets":[{"name":"recordid","type":"property","value":{"type":"unresolved"}}]},{"type":"track","targets":[{"name":"columns","type":"property"},{"name":"data","type":"property"},{"name":"fileName","type":"property"},{"name":"UploadFile","type":"property"},{"name":"showLoadingSpinner","type":"property"},{"name":"isTrue","type":"property"}]}],"classMembers":[{"name":"recordid","type":"property","value":{"type":"unresolved"},"decorator":"api","loc":{"start":{"line":23,"column":3},"end":{"line":23,"column":17}}},{"name":"columns","type":"property","decorator":"track","loc":{"start":{"line":25,"column":3},"end":{"line":25,"column":28}}},{"name":"data","type":"property","decorator":"track","loc":{"start":{"line":27,"column":3},"end":{"line":27,"column":15}}},{"name":"fileName","type":"property","decorator":"track","loc":{"start":{"line":29,"column":3},"end":{"line":29,"column":24}}},{"name":"UploadFile","type":"property","decorator":"track","loc":{"start":{"line":31,"column":3},"end":{"line":31,"column":41}}},{"name":"showLoadingSpinner","type":"property","value":{"type":"boolean","value":false},"decorator":"track","loc":{"start":{"line":33,"column":3},"end":{"line":33,"column":37}}},{"name":"isTrue","type":"property","value":{"type":"boolean","value":false},"decorator":"track","loc":{"start":{"line":35,"column":3},"end":{"line":35,"column":25}}},{"name":"selectedRecords","type":"property","loc":{"start":{"line":37,"column":3},"end":{"line":37,"column":19}}},{"name":"filesUploaded","type":"property","loc":{"start":{"line":39,"column":3},"end":{"line":39,"column":22}}},{"name":"file","type":"property","loc":{"start":{"line":41,"column":3},"end":{"line":41,"column":8}}},{"name":"fileContents","type":"property","loc":{"start":{"line":43,"column":3},"end":{"line":43,"column":16}}},{"name":"fileReader","type":"property","loc":{"start":{"line":45,"column":3},"end":{"line":45,"column":14}}},{"name":"content","type":"property","loc":{"start":{"line":47,"column":3},"end":{"line":47,"column":11}}},{"name":"MAX_FILE_SIZE","type":"property","loc":{"start":{"line":49,"column":3},"end":{"line":49,"column":27}}},{"name":"handleFilesChange","type":"method","loc":{"start":{"line":55,"column":3},"end":{"line":65,"column":4}}},{"name":"handleSave","type":"method","loc":{"start":{"line":69,"column":3},"end":{"line":83,"column":4}}},{"name":"uploadHelper","type":"method","loc":{"start":{"line":87,"column":3},"end":{"line":119,"column":4}}},{"name":"saveToFile","type":"method","loc":{"start":{"line":123,"column":3},"end":{"line":185,"column":4}}}],"declarationLoc":{"start":{"line":21,"column":0},"end":{"line":189,"column":1}},"doc":"","exports":[{"type":"ExportDefaultDeclaration"}]},"updatedAt":"2025-03-12T17:54:06.053Z"},{"_allAttributes":null,"_properties":null,"_methods":null,"file":"c:/Users/mohit.kapoor/Documents/pract25/pract25/force-app/main/default/lwc/childA/childA.js","metadata":{"decorators":[{"type":"wire","targets":[{"name":"accountsList","type":"property","static":{},"params":{},"adapter":{"name":"getAccountsData","reference":"@salesforce/apex/AccountController.getAccountsData"}}]}],"classMembers":[{"name":"columns","type":"property","loc":{"start":{"line":5,"column":4},"end":{"line":9,"column":5}}},{"name":"accountsList","type":"property","decorator":"wire","loc":{"start":{"line":10,"column":4},"end":{"line":11,"column":17}}},{"name":"accountRecordId","type":"property","loc":{"start":{"line":13,"column":4},"end":{"line":13,"column":20}}},{"name":"handleSelection","type":"method","loc":{"start":{"line":15,"column":4},"end":{"line":23,"column":5}}}],"declarationLoc":{"start":{"line":3,"column":0},"end":{"line":25,"column":1}},"doc":"","exports":[{"type":"ExportDefaultDeclaration"}]},"updatedAt":"2025-03-12T17:54:06.135Z"},{"_allAttributes":null,"_properties":null,"_methods":null,"file":"c:/Users/mohit.kapoor/Documents/pract25/pract25/force-app/main/default/lwc/childB/childB.js","metadata":{"decorators":[{"type":"api","targets":[{"name":"recordId","type":"property","value":{"type":"unresolved"}}]}],"classMembers":[{"name":"recordId","type":"property","value":{"type":"unresolved"},"decorator":"api","loc":{"start":{"line":4,"column":4},"end":{"line":4,"column":18}}},{"name":"connectedCallback","type":"method","loc":{"start":{"line":6,"column":4},"end":{"line":8,"column":5}}},{"name":"renderedCallback","type":"method","loc":{"start":{"line":10,"column":4},"end":{"line":12,"column":5}}},{"name":"errorHandler","type":"method","loc":{"start":{"line":14,"column":4},"end":{"line":16,"column":5}}}],"declarationLoc":{"start":{"line":2,"column":0},"end":{"line":17,"column":1}},"doc":"","exports":[{"type":"ExportDefaultDeclaration"}]},"updatedAt":"2025-03-12T17:54:06.133Z"},{"_allAttributes":null,"_properties":null,"_methods":null,"file":"c:/Users/mohit.kapoor/Documents/pract25/pract25/force-app/main/default/lwc/childData/childData.js","metadata":{"decorators":[{"type":"api","targets":[{"name":"nameValue","type":"property","value":{"type":"unresolved"}}]}],"classMembers":[{"name":"nameValue","type":"property","value":{"type":"unresolved"},"decorator":"api","loc":{"start":{"line":6,"column":4},"end":{"line":6,"column":19}}},{"name":"clickHandler","type":"method","loc":{"start":{"line":7,"column":4},"end":{"line":12,"column":5}}}],"declarationLoc":{"start":{"line":4,"column":0},"end":{"line":14,"column":1}},"doc":"","exports":[{"type":"ExportDefaultDeclaration"}]},"updatedAt":"2025-03-12T17:54:05.980Z"},{"_allAttributes":null,"_properties":null,"_methods":null,"file":"c:/Users/mohit.kapoor/Documents/pract25/pract25/force-app/main/default/lwc/createCaseWithFlow/createCaseWithFlow.js","metadata":{"decorators":[{"type":"track","targets":[{"name":"caseDetail","type":"property"}]}],"classMembers":[{"name":"flowName","type":"property","value":{"type":"string","value":""},"loc":{"start":{"line":6,"column":4},"end":{"line":6,"column":18}}},{"name":"caseDetail","type":"property","value":{"type":"object","value":{}},"decorator":"track","loc":{"start":{"line":7,"column":3},"end":{"line":10,"column":5}}},{"name":"handleCreate","type":"method","loc":{"start":{"line":11,"column":4},"end":{"line":26,"column":5}}},{"name":"handleStatusChange","type":"method","loc":{"start":{"line":28,"column":4},"end":{"line":42,"column":5}}},{"name":"handleChange","type":"method","loc":{"start":{"line":43,"column":4},"end":{"line":45,"column":5}}},{"name":"inputVariables","type":"property","loc":{"start":{"line":47,"column":4},"end":{"line":60,"column":5}}}],"declarationLoc":{"start":{"line":4,"column":0},"end":{"line":61,"column":1}},"doc":"","exports":[{"type":"ExportDefaultDeclaration"}]},"updatedAt":"2025-03-12T17:54:05.958Z"},{"_allAttributes":null,"_properties":null,"_methods":null,"file":"c:/Users/mohit.kapoor/Documents/pract25/pract25/force-app/main/default/lwc/flowCaller/flowCaller.js","metadata":{"decorators":[],"classMembers":[{"name":"handleStartFlow","type":"method","loc":{"start":{"line":18,"column":4},"end":{"line":42,"column":5}}}],"declarationLoc":{"start":{"line":3,"column":0},"end":{"line":44,"column":1}},"doc":"","exports":[{"type":"ExportDefaultDeclaration"}]},"updatedAt":"2025-03-12T17:54:06.079Z"},{"_allAttributes":null,"_properties":null,"_methods":null,"file":"c:/Users/mohit.kapoor/Documents/pract25/pract25/force-app/main/default/lwc/getContacts/getContacts.js","metadata":{"decorators":[{"type":"wire","targets":[{"type":"method","name":"contacts","static":{},"params":{},"adapter":{"name":"getContacts","reference":"@salesforce/apex/AccountFetchController.getContacts"}}]},{"type":"track","targets":[{"name":"mainResult","type":"property"},{"name":"data","type":"property"},{"name":"selectedRecord","type":"property"}]}],"classMembers":[{"name":"userDetails","type":"property","loc":{"start":{"line":11,"column":4},"end":{"line":16,"column":5}}},{"name":"colums","type":"property","loc":{"start":{"line":17,"column":0},"end":{"line":17,"column":13}}},{"name":"mainResult","type":"property","decorator":"track","loc":{"start":{"line":18,"column":0},"end":{"line":18,"column":18}}},{"name":"data","type":"property","decorator":"track","loc":{"start":{"line":19,"column":0},"end":{"line":19,"column":12}}},{"name":"error","type":"property","loc":{"start":{"line":20,"column":0},"end":{"line":20,"column":6}}},{"name":"selectedRecord","type":"property","decorator":"track","loc":{"start":{"line":21,"column":0},"end":{"line":21,"column":22}}},{"name":"contacts","type":"method","decorator":"wire","loc":{"start":{"line":22,"column":4},"end":{"line":36,"column":5}}},{"name":"handelSelection","type":"method","loc":{"start":{"line":37,"column":4},"end":{"line":42,"column":7}}},{"name":"deleteRecord","type":"method","loc":{"start":{"line":43,"column":6},"end":{"line":54,"column":7}}}],"declarationLoc":{"start":{"line":9,"column":0},"end":{"line":56,"column":1}},"doc":"","exports":[{"type":"ExportDefaultDeclaration"}]},"updatedAt":"2025-03-12T17:54:05.975Z"},{"_allAttributes":null,"_properties":null,"_methods":null,"file":"c:/Users/mohit.kapoor/Documents/pract25/pract25/force-app/main/default/lwc/inineEditingAccounts/inineEditingAccounts.js","metadata":{"decorators":[{"type":"wire","targets":[{"type":"method","name":"getContactOutput","static":{},"params":{"pickList":"leadSourceOptions"},"adapter":{"name":"getAccounts","reference":"@salesforce/apex/AccountFetchController.getAccounts"}},{"name":"accountInfo","type":"property","static":{"objectApiName":{"type":"unresolved"}},"params":{},"adapter":{"name":"getObjectInfo","reference":"lightning/uiObjectInfoApi"}},{"type":"method","name":"wiredPicklistValues","static":{"fieldApiName":{"type":"unresolved"}},"params":{"recordTypeId":"accountInfo.data.defaultRecordTypeId"},"adapter":{"name":"getPicklistValues","reference":"lightning/uiObjectInfoApi"}}]},{"type":"track","targets":[{"name":"leadSourceOptions","type":"property"},{"name":"industryOptions","type":"property"}]}],"classMembers":[{"name":"draftValues","type":"property","loc":{"start":{"line":56,"column":4},"end":{"line":56,"column":21}}},{"name":"leadSourceOptions","type":"property","decorator":"track","loc":{"start":{"line":57,"column":3},"end":{"line":57,"column":31}}},{"name":"leadSourceActions","type":"property","loc":{"start":{"line":58,"column":4},"end":{"line":58,"column":25}}},{"name":"industryOptions","type":"property","decorator":"track","loc":{"start":{"line":59,"column":4},"end":{"line":59,"column":32}}},{"name":"wiredAccounts","type":"property","loc":{"start":{"line":60,"column":4},"end":{"line":60,"column":18}}},{"name":"contactRefreshProp","type":"property","loc":{"start":{"line":62,"column":4},"end":{"line":62,"column":23}}},{"name":"contactData","type":"property","loc":{"start":{"line":63,"column":0},"end":{"line":63,"column":12}}},{"name":"getContactOutput","type":"method","decorator":"wire","loc":{"start":{"line":64,"column":0},"end":{"line":82,"column":1}}},{"name":"accountInfo","type":"property","decorator":"wire","loc":{"start":{"line":87,"column":4},"end":{"line":88,"column":16}}},{"name":"wiredPicklistValues","type":"method","decorator":"wire","loc":{"start":{"line":91,"column":4},"end":{"line":101,"column":5}}},{"name":"columns","type":"property","loc":{"start":{"line":103,"column":4},"end":{"line":121,"column":5}}},{"name":"handleSave","type":"method","loc":{"start":{"line":123,"column":4},"end":{"line":145,"column":6}}}],"declarationLoc":{"start":{"line":55,"column":0},"end":{"line":147,"column":5}},"doc":"","exports":[{"type":"ExportDefaultDeclaration"}]},"updatedAt":"2025-03-12T17:54:06.043Z"},{"_allAttributes":null,"_properties":null,"_methods":null,"file":"c:/Users/mohit.kapoor/Documents/pract25/pract25/force-app/main/default/lwc/lazyLoadingTable/lazyLoadingTable.js","metadata":{"decorators":[],"classMembers":[{"name":"accounts","type":"property","loc":{"start":{"line":13,"column":4},"end":{"line":13,"column":16}}},{"name":"error","type":"property","loc":{"start":{"line":14,"column":4},"end":{"line":14,"column":10}}},{"name":"columns","type":"property","loc":{"start":{"line":15,"column":4},"end":{"line":15,"column":22}}},{"name":"rowLimit","type":"property","loc":{"start":{"line":16,"column":4},"end":{"line":16,"column":17}}},{"name":"rowOffSet","type":"property","loc":{"start":{"line":17,"column":4},"end":{"line":17,"column":16}}},{"name":"connectedCallback","type":"method","loc":{"start":{"line":19,"column":4},"end":{"line":21,"column":5}}},{"name":"loadData","type":"method","loc":{"start":{"line":23,"column":4},"end":{"line":34,"column":5}}},{"name":"loadMoreData","type":"method","loc":{"start":{"line":36,"column":4},"end":{"line":46,"column":5}}}],"declarationLoc":{"start":{"line":12,"column":0},"end":{"line":47,"column":1}},"doc":"","exports":[{"type":"ExportDefaultDeclaration"}]},"updatedAt":"2025-03-12T17:54:06.043Z"},{"_allAttributes":null,"_properties":null,"_methods":null,"file":"c:/Users/mohit.kapoor/Documents/pract25/pract25/force-app/main/default/lwc/paginationDemo/paginationDemo.js","metadata":{"decorators":[{"type":"wire","targets":[{"type":"method","name":"accounts","static":{},"params":{},"adapter":{"name":"getAccountsData","reference":"@salesforce/apex/AccountController.getAccountsData"}}]}],"classMembers":[{"name":"totalRecords","type":"property","loc":{"start":{"line":5,"column":4},"end":{"line":5,"column":22}}},{"name":"displayRecords","type":"property","loc":{"start":{"line":6,"column":4},"end":{"line":6,"column":24}}},{"name":"totapPages","type":"property","loc":{"start":{"line":7,"column":4},"end":{"line":7,"column":19}}},{"name":"currentPage","type":"property","loc":{"start":{"line":8,"column":4},"end":{"line":8,"column":20}}},{"name":"recordSize","type":"property","loc":{"start":{"line":9,"column":4},"end":{"line":9,"column":20}}},{"name":"columns","type":"property","loc":{"start":{"line":10,"column":4},"end":{"line":15,"column":5}}},{"name":"accounts","type":"method","decorator":"wire","loc":{"start":{"line":17,"column":4},"end":{"line":37,"column":5}}},{"name":"updateAccount","type":"method","loc":{"start":{"line":39,"column":4},"end":{"line":43,"column":5}}},{"name":"disablePrevious","type":"property","loc":{"start":{"line":45,"column":4},"end":{"line":47,"column":5}}},{"name":"disableNext","type":"property","loc":{"start":{"line":49,"column":4},"end":{"line":51,"column":5}}},{"name":"previousHandler","type":"method","loc":{"start":{"line":53,"column":4},"end":{"line":58,"column":5}}},{"name":"nextHandler","type":"method","loc":{"start":{"line":60,"column":4},"end":{"line":65,"column":5}}}],"declarationLoc":{"start":{"line":3,"column":0},"end":{"line":66,"column":1}},"doc":"","exports":[{"type":"ExportDefaultDeclaration"}]},"updatedAt":"2025-03-12T17:54:05.996Z"},{"_allAttributes":null,"_properties":null,"_methods":null,"file":"c:/Users/mohit.kapoor/Documents/pract25/pract25/force-app/main/default/lwc/parentA/parentA.js","metadata":{"decorators":[],"classMembers":[{"name":"accountId","type":"property","loc":{"start":{"line":5,"column":3},"end":{"line":5,"column":13}}},{"name":"recieveData","type":"method","loc":{"start":{"line":6,"column":4},"end":{"line":10,"column":5}}}],"declarationLoc":{"start":{"line":3,"column":0},"end":{"line":11,"column":1}},"doc":"","exports":[{"type":"ExportDefaultDeclaration"}]},"updatedAt":"2025-03-12T17:54:05.980Z"},{"_allAttributes":null,"_properties":null,"_methods":null,"file":"c:/Users/mohit.kapoor/Documents/pract25/pract25/force-app/main/default/lwc/parentData/parentData.js","metadata":{"decorators":[],"classMembers":[{"name":"name","type":"property","loc":{"start":{"line":5,"column":4},"end":{"line":5,"column":9}}},{"name":"recieveName","type":"property","loc":{"start":{"line":6,"column":4},"end":{"line":6,"column":16}}},{"name":"handlerChange","type":"method","loc":{"start":{"line":7,"column":4},"end":{"line":9,"column":5}}},{"name":"recieveHandler","type":"method","loc":{"start":{"line":11,"column":4},"end":{"line":15,"column":5}}}],"declarationLoc":{"start":{"line":3,"column":0},"end":{"line":16,"column":1}},"doc":"","exports":[{"type":"ExportDefaultDeclaration"}]},"updatedAt":"2025-03-12T17:54:05.991Z"},{"_allAttributes":null,"_properties":null,"_methods":null,"file":"c:/Users/mohit.kapoor/Documents/pract25/pract25/force-app/main/default/lwc/updateRecordAccount/updateRecordAccount.js","metadata":{"decorators":[{"type":"api","targets":[{"name":"recordId","type":"property","value":{"type":"unresolved"}}]},{"type":"wire","targets":[{"name":"accountInfo","type":"property","static":{"objectApiName":{"type":"unresolved"}},"params":{},"adapter":{"name":"getObjectInfo","reference":"lightning/uiObjectInfoApi"}},{"name":"ratingValues","type":"property","static":{"fieldApiName":{"type":"unresolved"}},"params":{"recordTypeId":"accountInfo.data.defaultRecordTypeId"},"adapter":{"name":"getPicklistValues","reference":"lightning/uiObjectInfoApi"}},{"name":"accountdata","type":"property","static":{"fields":{"type":"array","value":[null,null]}},"params":{"recordId":"recordId"},"adapter":{"name":"getRecord","reference":"lightning/uiRecordApi"}}]}],"classMembers":[{"name":"recordId","type":"property","value":{"type":"unresolved"},"decorator":"api","loc":{"start":{"line":12,"column":3},"end":{"line":12,"column":17}}},{"name":"selectRatingvalue","type":"property","loc":{"start":{"line":13,"column":3},"end":{"line":13,"column":21}}},{"name":"connectedCallback","type":"method","loc":{"start":{"line":15,"column":4},"end":{"line":17,"column":5}}},{"name":"accountInfo","type":"property","decorator":"wire","loc":{"start":{"line":19,"column":4},"end":{"line":20,"column":16}}},{"name":"ratingValues","type":"property","decorator":"wire","loc":{"start":{"line":22,"column":4},"end":{"line":26,"column":17}}},{"name":"accountdata","type":"property","decorator":"wire","loc":{"start":{"line":28,"column":4},"end":{"line":29,"column":16}}},{"name":"AccountName","type":"property","loc":{"start":{"line":31,"column":4},"end":{"line":33,"column":5}}},{"name":"Rating","type":"property","loc":{"start":{"line":35,"column":4},"end":{"line":37,"column":5}}},{"name":"ratingchange","type":"method","loc":{"start":{"line":42,"column":4},"end":{"line":45,"column":5}}},{"name":"updateHandler","type":"method","loc":{"start":{"line":47,"column":4},"end":{"line":67,"column":5}}},{"name":"showMessage","type":"method","loc":{"start":{"line":69,"column":4},"end":{"line":75,"column":5}}},{"name":"resetHandler","type":"method","loc":{"start":{"line":77,"column":4},"end":{"line":90,"column":5}}}],"declarationLoc":{"start":{"line":11,"column":0},"end":{"line":92,"column":1}},"doc":"","exports":[{"type":"ExportDefaultDeclaration"}]},"updatedAt":"2025-03-12T17:54:05.958Z"},{"_allAttributes":null,"_properties":null,"_methods":null,"file":"c:/Users/mohit.kapoor/Documents/pract25/pract25/force-app/main/default/lwc/accountContactTable/accountContactTable.js","metadata":{"decorators":[{"type":"api","targets":[{"name":"recordId","type":"property","value":{"type":"unresolved"}}]},{"type":"wire","targets":[{"type":"method","name":"wiredContact","static":{},"params":{"recordId":"recordId"},"adapter":{"name":"fetchContacts","reference":"@salesforce/apex/ContactController.fetchContacts"}}]},{"type":"track","targets":[{"name":"isLoading","type":"property"},{"name":"records","type":"property"},{"name":"deleteConatctIds","type":"property"}]}],"classMembers":[{"name":"recordId","type":"property","value":{"type":"unresolved"},"decorator":"api","loc":{"start":{"line":9,"column":4},"end":{"line":9,"column":18}}},{"name":"isLoading","type":"property","value":{"type":"boolean","value":true},"decorator":"track","loc":{"start":{"line":10,"column":4},"end":{"line":10,"column":28}}},{"name":"records","type":"property","decorator":"track","loc":{"start":{"line":11,"column":4},"end":{"line":11,"column":19}}},{"name":"wiredRecords","type":"property","loc":{"start":{"line":12,"column":4},"end":{"line":12,"column":17}}},{"name":"error","type":"property","loc":{"start":{"line":13,"column":4},"end":{"line":13,"column":10}}},{"name":"deleteConatctIds","type":"property","decorator":"track","loc":{"start":{"line":14,"column":4},"end":{"line":14,"column":33}}},{"name":"closeAction","type":"method","loc":{"start":{"line":17,"column":4},"end":{"line":19,"column":5}}},{"name":"addRow","type":"method","loc":{"start":{"line":22,"column":4},"end":{"line":26,"column":5}}},{"name":"isDisable","type":"property","loc":{"start":{"line":28,"column":4},"end":{"line":30,"column":5}}},{"name":"handleIsLoading","type":"method","loc":{"start":{"line":33,"column":4},"end":{"line":35,"column":5}}},{"name":"updateValues","type":"method","loc":{"start":{"line":38,"column":4},"end":{"line":47,"column":5}}},{"name":"handleSaveAction","type":"method","loc":{"start":{"line":50,"column":4},"end":{"line":78,"column":5}}},{"name":"handleDeleteAction","type":"method","loc":{"start":{"line":81,"column":4},"end":{"line":86,"column":5}}},{"name":"wiredContact","type":"method","decorator":"wire","loc":{"start":{"line":89,"column":4},"end":{"line":103,"column":5}}},{"name":"showToast","type":"method","loc":{"start":{"line":105,"column":4},"end":{"line":113,"column":5}}},{"name":"updateRecordView","type":"method","loc":{"start":{"line":115,"column":4},"end":{"line":119,"column":5}}},{"name":"handleCheckValidation","type":"method","loc":{"start":{"line":122,"column":4},"end":{"line":132,"column":5}}}],"declarationLoc":{"start":{"line":8,"column":0},"end":{"line":133,"column":1}},"doc":"","exports":[{"type":"ExportDefaultDeclaration"}]},"updatedAt":"2025-03-12T17:54:05.958Z"},{"_allAttributes":null,"_properties":null,"_methods":null,"file":"c:/Users/mohit.kapoor/Documents/pract25/pract25/force-app/main/default/lwc/accountDataTable/accountDataTable.js","metadata":{"decorators":[{"type":"track","targets":[{"name":"accounts","type":"property"}]}],"classMembers":[{"name":"accounts","type":"property","decorator":"track","loc":{"start":{"line":6,"column":4},"end":{"line":6,"column":25}}},{"name":"subscription","type":"property","value":{"type":"object","value":{}},"loc":{"start":{"line":7,"column":4},"end":{"line":7,"column":22}}},{"name":"columns","type":"property","loc":{"start":{"line":9,"column":4},"end":{"line":12,"column":6}}},{"name":"connectedCallback","type":"method","loc":{"start":{"line":14,"column":4},"end":{"line":17,"column":5}}},{"name":"loadAccounts","type":"method","loc":{"start":{"line":19,"column":4},"end":{"line":24,"column":5}}},{"name":"subscribeToPlatformEvent","type":"method","loc":{"start":{"line":26,"column":4},"end":{"line":40,"column":5}}},{"name":"handlePlatformEvent","type":"method","loc":{"start":{"line":42,"column":4},"end":{"line":49,"column":5}}},{"name":"disconnectedCallback","type":"method","loc":{"start":{"line":51,"column":4},"end":{"line":55,"column":5}}}],"declarationLoc":{"start":{"line":5,"column":0},"end":{"line":56,"column":1}},"doc":"","exports":[{"type":"ExportDefaultDeclaration"}]},"updatedAt":"2025-03-14T18:24:34.347Z"},{"_allAttributes":null,"_properties":null,"_methods":null,"file":"c:/Users/mohit.kapoor/Documents/pract25/pract25/force-app/main/default/lwc/accountDataTable1/accountDataTable1.js","metadata":{"decorators":[{"type":"wire","targets":[{"type":"method","name":"wiredAccounts","static":{},"params":{},"adapter":{"name":"getAccounts","reference":"@salesforce/apex/AccountController.getAccountsList"}}]},{"type":"track","targets":[{"name":"accounts","type":"property"}]}],"classMembers":[{"name":"accounts","type":"property","decorator":"track","loc":{"start":{"line":7,"column":4},"end":{"line":7,"column":25}}},{"name":"subscription","type":"property","value":{"type":"null","value":null},"loc":{"start":{"line":8,"column":4},"end":{"line":8,"column":24}}},{"name":"wiredAccountsResult","type":"property","loc":{"start":{"line":9,"column":4},"end":{"line":9,"column":24}}},{"name":"debounceTimeout","type":"property","loc":{"start":{"line":10,"column":4},"end":{"line":10,"column":20}}},{"name":"columns","type":"property","loc":{"start":{"line":12,"column":4},"end":{"line":15,"column":6}}},{"name":"wiredAccounts","type":"method","decorator":"wire","loc":{"start":{"line":18,"column":4},"end":{"line":26,"column":5}}},{"name":"connectedCallback","type":"method","loc":{"start":{"line":29,"column":4},"end":{"line":31,"column":5}}},{"name":"subscribeToPlatformEvent","type":"method","loc":{"start":{"line":33,"column":4},"end":{"line":46,"column":5}}},{"name":"debouncedRefresh","type":"method","loc":{"start":{"line":49,"column":4},"end":{"line":54,"column":5}}},{"name":"disconnectedCallback","type":"method","loc":{"start":{"line":57,"column":4},"end":{"line":64,"column":5}}}],"declarationLoc":{"start":{"line":6,"column":0},"end":{"line":65,"column":1}},"doc":"","exports":[{"type":"ExportDefaultDeclaration"}]},"updatedAt":"2025-03-15T05:03:11.829Z"},{"_allAttributes":null,"_properties":null,"_methods":null,"file":"c:/Users/mohit.kapoor/Documents/pract25/pract25/force-app/main/default/lwc/buttonsInLWC/buttonsInLWC.js","metadata":{"decorators":[{"type":"wire","targets":[{"type":"method","name":"wiredAccounts","static":{},"params":{},"adapter":{"name":"getAccounts","reference":"@salesforce/apex/AccountDataController.getAccounts"}}]},{"type":"track","targets":[{"name":"data","type":"property"},{"name":"wireResult","type":"property"},{"name":"error","type":"property"}]}],"classMembers":[{"name":"data","type":"property","decorator":"track","loc":{"start":{"line":50,"column":4},"end":{"line":50,"column":16}}},{"name":"wireResult","type":"property","decorator":"track","loc":{"start":{"line":51,"column":4},"end":{"line":51,"column":22}}},{"name":"error","type":"property","decorator":"track","loc":{"start":{"line":52,"column":4},"end":{"line":52,"column":17}}},{"name":"columns","type":"property","loc":{"start":{"line":53,"column":4},"end":{"line":53,"column":22}}},{"name":"wiredAccounts","type":"method","decorator":"wire","loc":{"start":{"line":54,"column":4},"end":{"line":62,"column":5}}},{"name":"callRowAction","type":"method","loc":{"start":{"line":63,"column":4},"end":{"line":73,"column":5}}},{"name":"handleAction","type":"method","loc":{"start":{"line":74,"column":4},"end":{"line":83,"column":5}}},{"name":"handleDeleteRow","type":"method","loc":{"start":{"line":84,"column":4},"end":{"line":92,"column":5}}},{"name":"showToast","type":"method","loc":{"start":{"line":93,"column":4},"end":{"line":101,"column":5}}}],"declarationLoc":{"start":{"line":49,"column":0},"end":{"line":102,"column":1}},"doc":"","exports":[{"type":"ExportDefaultDeclaration"}]},"updatedAt":"2025-03-12T17:54:06.109Z"},{"_allAttributes":null,"_properties":null,"_methods":null,"file":"c:/Users/mohit.kapoor/Documents/pract25/pract25/force-app/main/default/lwc/customDateTimePicker/customDateTimePicker.js","metadata":{"decorators":[{"type":"track","targets":[{"name":"selectedDate","type":"property"},{"name":"selectedTime","type":"property"},{"name":"formattedTime","type":"property"}]}],"classMembers":[{"name":"selectedDate","type":"property","decorator":"track","loc":{"start":{"line":4,"column":4},"end":{"line":4,"column":24}}},{"name":"selectedTime","type":"property","decorator":"track","loc":{"start":{"line":5,"column":4},"end":{"line":5,"column":24}}},{"name":"formattedTime","type":"property","decorator":"track","loc":{"start":{"line":6,"column":4},"end":{"line":6,"column":25}}},{"name":"handleDateChange","type":"method","loc":{"start":{"line":8,"column":4},"end":{"line":10,"column":5}}},{"name":"handleTimeChange","type":"method","loc":{"start":{"line":12,"column":4},"end":{"line":15,"column":5}}},{"name":"formatTime","type":"method","loc":{"start":{"line":17,"column":4},"end":{"line":24,"column":5}}}],"declarationLoc":{"start":{"line":3,"column":0},"end":{"line":25,"column":1}},"doc":"","exports":[{"type":"ExportDefaultDeclaration"}]},"updatedAt":"2025-03-14T16:14:58.629Z"},{"_allAttributes":null,"_properties":null,"_methods":null,"file":"c:/Users/mohit.kapoor/Documents/pract25/pract25/force-app/main/default/lwc/displayAccounysUsingLazyLoading/displayAccounysUsingLazyLoading.js","metadata":{"decorators":[],"classMembers":[{"name":"accountData","type":"property","loc":{"start":{"line":8,"column":4},"end":{"line":8,"column":21}}},{"name":"totalRecord","type":"property","loc":{"start":{"line":9,"column":4},"end":{"line":9,"column":16}}},{"name":"loadedRecord","type":"property","loc":{"start":{"line":10,"column":4},"end":{"line":10,"column":17}}},{"name":"Columns","type":"property","loc":{"start":{"line":11,"column":4},"end":{"line":16,"column":5}}},{"name":"connectedCallback","type":"method","loc":{"start":{"line":18,"column":4},"end":{"line":20,"column":5}}},{"name":"getAccounts","type":"method","loc":{"start":{"line":23,"column":4},"end":{"line":32,"column":5}}},{"name":"loadMoreData","type":"method","loc":{"start":{"line":34,"column":4},"end":{"line":49,"column":5}}}],"declarationLoc":{"start":{"line":5,"column":0},"end":{"line":51,"column":1}},"doc":"","exports":[{"type":"ExportDefaultDeclaration"}]},"updatedAt":"2025-03-12T17:54:06.122Z"},{"_allAttributes":null,"_properties":null,"_methods":null,"file":"c:/Users/mohit.kapoor/Documents/pract25/pract25/force-app/main/default/lwc/displayUserDetails/displayUserDetails.js","metadata":{"decorators":[],"classMembers":[{"name":"userDetails","type":"property","loc":{"start":{"line":4,"column":4},"end":{"line":4,"column":21}}},{"name":"recordsize","type":"property","loc":{"start":{"line":5,"column":4},"end":{"line":5,"column":19}}},{"name":"totalPages","type":"property","loc":{"start":{"line":6,"column":4},"end":{"line":6,"column":19}}},{"name":"currentPage","type":"property","loc":{"start":{"line":7,"column":4},"end":{"line":7,"column":20}}},{"name":"displayData","type":"property","loc":{"start":{"line":8,"column":4},"end":{"line":8,"column":21}}},{"name":"columns","type":"property","loc":{"start":{"line":9,"column":4},"end":{"line":21,"column":5}}},{"name":"connectedCallback","type":"method","loc":{"start":{"line":22,"column":4},"end":{"line":24,"column":5}}},{"name":"loadUserData","type":"method","loc":{"start":{"line":26,"column":4},"end":{"line":45,"column":5}}},{"name":"updateData","type":"method","loc":{"start":{"line":47,"column":4},"end":{"line":52,"column":5}}},{"name":"disablePrevious","type":"property","loc":{"start":{"line":54,"column":4},"end":{"line":56,"column":5}}},{"name":"disableNext","type":"property","loc":{"start":{"line":58,"column":4},"end":{"line":60,"column":5}}},{"name":"disableFirst","type":"property","loc":{"start":{"line":62,"column":4},"end":{"line":64,"column":5}}},{"name":"disableLast","type":"property","loc":{"start":{"line":66,"column":4},"end":{"line":68,"column":5}}},{"name":"previousHandler","type":"method","loc":{"start":{"line":70,"column":4},"end":{"line":73,"column":5}}},{"name":"nextHandler","type":"method","loc":{"start":{"line":75,"column":4},"end":{"line":78,"column":5}}},{"name":"firstHandler","type":"method","loc":{"start":{"line":79,"column":4},"end":{"line":82,"column":5}}},{"name":"lastHandler","type":"method","loc":{"start":{"line":83,"column":4},"end":{"line":86,"column":5}}}],"declarationLoc":{"start":{"line":3,"column":0},"end":{"line":87,"column":1}},"doc":"","exports":[{"type":"ExportDefaultDeclaration"}]},"updatedAt":"2025-03-12T19:18:09.375Z"},{"_allAttributes":null,"_properties":null,"_methods":null,"file":"c:/Users/mohit.kapoor/Documents/pract25/pract25/force-app/main/default/lwc/googleBooksDetail/googleBooksDetail.js","metadata":{"decorators":[],"classMembers":[{"name":"endPoint","type":"property","value":{"type":"string","value":"https://www.googleapis.com/books/v1/volumes?q="},"loc":{"start":{"line":5,"column":4},"end":{"line":5,"column":64}}},{"name":"books","type":"property","loc":{"start":{"line":6,"column":4},"end":{"line":6,"column":15}}},{"name":"bookName","type":"property","loc":{"start":{"line":7,"column":4},"end":{"line":7,"column":13}}},{"name":"isLoading","type":"property","value":{"type":"boolean","value":false},"loc":{"start":{"line":8,"column":4},"end":{"line":8,"column":22}}},{"name":"handleChange","type":"method","loc":{"start":{"line":9,"column":4},"end":{"line":14,"column":5}}},{"name":"fetchBooks","type":"method","loc":{"start":{"line":16,"column":4},"end":{"line":46,"column":5}}},{"name":"fetchData","type":"method","loc":{"start":{"line":48,"column":4},"end":{"line":63,"column":5}}}],"declarationLoc":{"start":{"line":3,"column":0},"end":{"line":64,"column":1}},"doc":"","exports":[{"type":"ExportDefaultDeclaration"}]},"updatedAt":"2025-03-15T19:14:14.657Z"},{"_allAttributes":null,"_properties":null,"_methods":null,"file":"c:/Users/mohit.kapoor/Documents/pract25/pract25/force-app/main/default/lwc/holiComponent/holiComponent.js","metadata":{"decorators":[],"classMembers":[{"name":"colors","type":"property","loc":{"start":{"line":4,"column":4},"end":{"line":4,"column":76}}},{"name":"splashes","type":"property","loc":{"start":{"line":5,"column":4},"end":{"line":5,"column":18}}},{"name":"handleSplash","type":"method","loc":{"start":{"line":7,"column":4},"end":{"line":16,"column":5}}}],"declarationLoc":{"start":{"line":3,"column":0},"end":{"line":17,"column":1}},"doc":"","exports":[{"type":"ExportDefaultDeclaration"}]},"updatedAt":"2025-03-13T13:45:22.041Z"},{"_allAttributes":null,"_properties":null,"_methods":null,"file":"c:/Users/mohit.kapoor/Documents/pract25/pract25/force-app/main/default/lwc/tableWithlinks/tableWithlinks.js","metadata":{"decorators":[{"type":"wire","targets":[{"type":"method","name":"getAccountRecords","static":{},"params":{},"adapter":{"name":"getAccounts","reference":"@salesforce/apex/LWCController.getAccounts"}}]},{"type":"track","targets":[{"name":"dataList","type":"property"},{"name":"columnsList","type":"property"}]}],"classMembers":[{"name":"dataList","type":"property","decorator":"track","loc":{"start":{"line":10,"column":4},"end":{"line":10,"column":25}}},{"name":"columnsList","type":"property","decorator":"track","loc":{"start":{"line":11,"column":4},"end":{"line":11,"column":32}}},{"name":"getAccountRecords","type":"method","decorator":"wire","loc":{"start":{"line":12,"column":4},"end":{"line":29,"column":5}}}],"declarationLoc":{"start":{"line":9,"column":0},"end":{"line":31,"column":1}},"doc":"","exports":[{"type":"ExportDefaultDeclaration"}]},"updatedAt":"2025-03-12T17:54:06.138Z"},{"_allAttributes":null,"_properties":null,"_methods":null,"file":"c:/Users/mohit.kapoor/Documents/pract25/pract25/force-app/main/default/lwc/accountComp/accountComp.js","metadata":{"decorators":[{"type":"wire","targets":[{"type":"method","name":"wiredAccounts","static":{},"params":{},"adapter":{"name":"getAccounts","reference":"@salesforce/apex/AccountLwcCtrl.getAccounts"}},{"type":"method","name":"wiredOppCount","static":{},"params":{},"adapter":{"name":"totalOppCountByAccount","reference":"@salesforce/apex/AccountLwcCtrl.totalOppCountByAccount"}}]},{"type":"track","targets":[{"name":"accountlist","type":"property"},{"name":"wiredAccountsResult","type":"property"}]}],"classMembers":[{"name":"accountlist","type":"property","decorator":"track","loc":{"start":{"line":129,"column":4},"end":{"line":129,"column":28}}},{"name":"oppCountMap","type":"property","value":{"type":"object","value":{}},"loc":{"start":{"line":130,"column":4},"end":{"line":130,"column":21}}},{"name":"wiredAccountsResult","type":"property","decorator":"track","loc":{"start":{"line":131,"column":4},"end":{"line":131,"column":31}}},{"name":"totalRecord","type":"property","loc":{"start":{"line":132,"column":4},"end":{"line":132,"column":16}}},{"name":"loadedRecord","type":"property","loc":{"start":{"line":133,"column":4},"end":{"line":133,"column":17}}},{"name":"columns","type":"property","loc":{"start":{"line":136,"column":4},"end":{"line":146,"column":6}}},{"name":"connectedCallback","type":"method","loc":{"start":{"line":147,"column":4},"end":{"line":149,"column":5}}},{"name":"getTotalAccountRecord","type":"method","loc":{"start":{"line":151,"column":4},"end":{"line":158,"column":5}}},{"name":"handleContact","type":"method","loc":{"start":{"line":159,"column":4},"end":{"line":162,"column":5}}},{"name":"navigateToNewContact","type":"method","loc":{"start":{"line":164,"column":4},"end":{"line":175,"column":5}}},{"name":"wiredAccounts","type":"method","decorator":"wire","loc":{"start":{"line":177,"column":4},"end":{"line":191,"column":5}}},{"name":"wiredOppCount","type":"method","decorator":"wire","loc":{"start":{"line":193,"column":4},"end":{"line":208,"column":5}}},{"name":"handleDelete","type":"method","loc":{"start":{"line":221,"column":4},"end":{"line":237,"column":5}}},{"name":"showMessage","type":"method","loc":{"start":{"line":239,"column":4},"end":{"line":246,"column":5}}},{"name":"loadMoreData","type":"method","loc":{"start":{"line":248,"column":4},"end":{"line":270,"column":5}}}],"declarationLoc":{"start":{"line":128,"column":0},"end":{"line":271,"column":1}},"doc":"","exports":[{"type":"ExportDefaultDeclaration"}]},"updatedAt":"2025-03-23T16:08:21.741Z"},{"_allAttributes":null,"_properties":null,"_methods":null,"file":"c:/Users/mohit.kapoor/Documents/pract25/pract25/force-app/main/default/lwc/accountComp1/accountComp1.js","metadata":{"decorators":[{"type":"track","targets":[{"name":"accounts","type":"property"}]}],"classMembers":[{"name":"accounts","type":"property","decorator":"track","loc":{"start":{"line":5,"column":4},"end":{"line":5,"column":25}}},{"name":"columns","type":"property","loc":{"start":{"line":6,"column":4},"end":{"line":18,"column":6}}},{"name":"connectedCallback","type":"method","loc":{"start":{"line":20,"column":4},"end":{"line":28,"column":5}}},{"name":"handleNewContact","type":"method","loc":{"start":{"line":30,"column":4},"end":{"line":33,"column":5}}},{"name":"handleDelete","type":"method","loc":{"start":{"line":35,"column":4},"end":{"line":38,"column":5}}}],"declarationLoc":{"start":{"line":4,"column":0},"end":{"line":39,"column":1}},"doc":"","exports":[{"type":"ExportDefaultDeclaration"}]},"updatedAt":"2025-03-22T20:14:05.305Z"},{"_allAttributes":null,"_properties":null,"_methods":null,"file":"c:/Users/mohit.kapoor/Documents/pract25/pract25/force-app/main/default/lwc/accountCreationPractice/accountCreationPractice.js","metadata":{"decorators":[{"type":"wire","targets":[{"name":"accountInfo","type":"property","static":{"objectApiName":{"type":"unresolved"}},"params":{},"adapter":{"name":"getObjectInfo","reference":"lightning/uiObjectInfoApi"}},{"name":"ratingvalues","type":"property","static":{"fieldApiName":{"type":"unresolved"}},"params":{"recordTypeId":"accountInfo.data.defaultRecordTypeId"},"adapter":{"name":"getPicklistValues","reference":"lightning/uiObjectInfoApi"}},{"name":"industryvalues","type":"property","static":{"objectApiName":{"type":"unresolved"}},"params":{"recordTypeId":"accountInfo.data.defaultRecordTypeId"},"adapter":{"name":"getPicklistValuesByRecordType","reference":"lightning/uiObjectInfoApi"}},{"type":"method","name":"accountData","static":{},"params":{"accRating":"accdetails.accrating"},"adapter":{"name":"getAccountDetails","reference":"@salesforce/apex/AccountDetails.getAccounts"}}]},{"type":"track","targets":[{"name":"accdetails","type":"property"}]}],"classMembers":[{"name":"accdetails","type":"property","value":{"type":"object","value":{}},"decorator":"track","loc":{"start":{"line":12,"column":3},"end":{"line":16,"column":5}}},{"name":"accountInfo","type":"property","decorator":"wire","loc":{"start":{"line":18,"column":4},"end":{"line":19,"column":16}}},{"name":"ratingvalues","type":"property","decorator":"wire","loc":{"start":{"line":21,"column":4},"end":{"line":25,"column":17}}},{"name":"industryvalues","type":"property","decorator":"wire","loc":{"start":{"line":27,"column":4},"end":{"line":31,"column":19}}},{"name":"IndustryData","type":"property","loc":{"start":{"line":33,"column":4},"end":{"line":35,"column":5}}},{"name":"handleChange","type":"method","loc":{"start":{"line":37,"column":4},"end":{"line":43,"column":5}}},{"name":"accountData","type":"method","decorator":"wire","loc":{"start":{"line":45,"column":4},"end":{"line":55,"column":5}}},{"name":"handleClick","type":"method","loc":{"start":{"line":57,"column":4},"end":{"line":87,"column":5}}},{"name":"showMessage","type":"method","loc":{"start":{"line":89,"column":4},"end":{"line":95,"column":5}}}],"declarationLoc":{"start":{"line":10,"column":0},"end":{"line":97,"column":1}},"doc":"","exports":[{"type":"ExportDefaultDeclaration"}]},"updatedAt":"2025-04-08T07:59:51.318Z"},{"_allAttributes":null,"_properties":null,"_methods":null,"file":"c:/Users/mohit.kapoor/Documents/pract25/pract25/force-app/main/default/lwc/accountDataTable2/accountDataTable2.js","metadata":{"decorators":[{"type":"wire","targets":[{"type":"method","name":"wiredAccounts","static":{},"params":{},"adapter":{"name":"getAccounts","reference":"@salesforce/apex/AccountController.getAccounts123"}}]},{"type":"track","targets":[{"name":"accounts","type":"property"},{"name":"columns","type":"property"},{"name":"sortedBy","type":"property"},{"name":"sortedDirection","type":"property"}]}],"classMembers":[{"name":"accounts","type":"property","decorator":"track","loc":{"start":{"line":4,"column":4},"end":{"line":4,"column":20}}},{"name":"columns","type":"property","decorator":"track","loc":{"start":{"line":5,"column":4},"end":{"line":13,"column":6}}},{"name":"sortedBy","type":"property","decorator":"track","loc":{"start":{"line":14,"column":4},"end":{"line":14,"column":20}}},{"name":"sortedDirection","type":"property","decorator":"track","loc":{"start":{"line":15,"column":4},"end":{"line":15,"column":35}}},{"name":"wiredAccounts","type":"method","decorator":"wire","loc":{"start":{"line":17,"column":4},"end":{"line":24,"column":5}}},{"name":"getRowActions","type":"method","loc":{"start":{"line":26,"column":4},"end":{"line":32,"column":5}}},{"name":"handleRowAction","type":"method","loc":{"start":{"line":34,"column":4},"end":{"line":42,"column":5}}},{"name":"viewAccount","type":"method","loc":{"start":{"line":44,"column":4},"end":{"line":47,"column":5}}},{"name":"deleteAccount","type":"method","loc":{"start":{"line":49,"column":4},"end":{"line":52,"column":5}}},{"name":"handleSort","type":"method","loc":{"start":{"line":54,"column":4},"end":{"line":59,"column":5}}},{"name":"sortData","type":"method","loc":{"start":{"line":61,"column":4},"end":{"line":73,"column":5}}}],"declarationLoc":{"start":{"line":3,"column":0},"end":{"line":74,"column":1}},"doc":"","exports":[{"type":"ExportDefaultDeclaration"}]},"updatedAt":"2025-03-22T18:02:48.384Z"},{"_allAttributes":null,"_properties":null,"_methods":null,"file":"c:/Users/mohit.kapoor/Documents/pract25/pract25/force-app/main/default/lwc/customButtonColumn/customButtonColumn.js","metadata":{"decorators":[],"classMembers":[{"name":"customTypes","type":"property","value":{"type":"object","value":{"customPickList":{"type":"object","value":{"template":{"type":"unresolved"},"standardCellLayout":{"type":"boolean","value":true}}}}},"loc":{"start":{"line":6,"column":4},"end":{"line":13,"column":10}}}],"declarationLoc":{"start":{"line":4,"column":0},"end":{"line":19,"column":1}},"doc":"","exports":[{"type":"ExportDefaultDeclaration"}]},"updatedAt":"2025-03-22T21:26:08.909Z"},{"_allAttributes":null,"_properties":null,"_methods":null,"file":"c:/Users/mohit.kapoor/Documents/pract25/pract25/force-app/main/default/lwc/customButtons/customButtons.js","metadata":{"decorators":[{"type":"api","targets":[{"name":"recordId","type":"property","value":{"type":"unresolved"}}]}],"classMembers":[{"name":"recordId","type":"property","value":{"type":"unresolved"},"decorator":"api","loc":{"start":{"line":4,"column":4},"end":{"line":4,"column":18}}},{"name":"handleNewContact","type":"method","loc":{"start":{"line":6,"column":4},"end":{"line":9,"column":5}}},{"name":"handleDelete","type":"method","loc":{"start":{"line":11,"column":4},"end":{"line":14,"column":5}}}],"declarationLoc":{"start":{"line":3,"column":0},"end":{"line":15,"column":1}},"doc":"","exports":[{"type":"ExportDefaultDeclaration"}]},"updatedAt":"2025-03-22T19:24:06.201Z"},{"_allAttributes":null,"_properties":null,"_methods":null,"file":"c:/Users/mohit.kapoor/Documents/pract25/pract25/force-app/main/default/lwc/customButtonValue/customButtonValue.js","metadata":{"decorators":[{"type":"api","targets":[{"name":"recordId","type":"property","value":{"type":"unresolved"}},{"name":"NewContact","type":"property","value":{"type":"unresolved"}},{"name":"Delete","type":"property","value":{"type":"unresolved"}}]}],"classMembers":[{"name":"recordId","type":"property","value":{"type":"unresolved"},"decorator":"api","loc":{"start":{"line":4,"column":4},"end":{"line":4,"column":18}}},{"name":"NewContact","type":"property","value":{"type":"unresolved"},"decorator":"api","loc":{"start":{"line":5,"column":4},"end":{"line":5,"column":20}}},{"name":"Delete","type":"property","value":{"type":"unresolved"},"decorator":"api","loc":{"start":{"line":6,"column":4},"end":{"line":6,"column":16}}},{"name":"handleNewContact","type":"method","loc":{"start":{"line":8,"column":4},"end":{"line":12,"column":5}}},{"name":"handleDelete","type":"method","loc":{"start":{"line":14,"column":4},"end":{"line":18,"column":5}}}],"declarationLoc":{"start":{"line":3,"column":0},"end":{"line":19,"column":1}},"doc":"","exports":[{"type":"ExportDefaultDeclaration"}]},"updatedAt":"2025-03-22T20:16:19.926Z"},{"_allAttributes":null,"_properties":null,"_methods":null,"file":"c:/Users/mohit.kapoor/Documents/pract25/pract25/force-app/main/default/lwc/customPic/customPic.js","metadata":{"decorators":[{"type":"api","targets":[{"name":"recordId","type":"property","value":{"type":"unresolved"}}]}],"classMembers":[{"name":"recordId","type":"property","value":{"type":"unresolved"},"decorator":"api","loc":{"start":{"line":4,"column":4},"end":{"line":4,"column":18}}},{"name":"handleDelete","type":"method","loc":{"start":{"line":6,"column":4},"end":{"line":14,"column":5}}},{"name":"handleNewContact","type":"method","loc":{"start":{"line":16,"column":4},"end":{"line":23,"column":5}}}],"declarationLoc":{"start":{"line":3,"column":0},"end":{"line":24,"column":1}},"doc":"","exports":[{"type":"ExportDefaultDeclaration"}]},"updatedAt":"2025-03-23T15:43:59.455Z"},{"_allAttributes":null,"_properties":null,"_methods":null,"file":"c:/Users/mohit.kapoor/Documents/pract25/pract25/force-app/main/default/lwc/datatablePagination/datatablePagination.js","metadata":{"decorators":[{"type":"wire","targets":[{"type":"method","name":"wiredContacts","static":{},"params":{},"adapter":{"name":"getContacts","reference":"@salesforce/apex/ContactDataController.getContacts"}}]},{"type":"track","targets":[{"name":"displayedRecords","type":"property"},{"name":"currentPage","type":"property"},{"name":"pageSize","type":"property"}]}],"classMembers":[{"name":"displayedRecords","type":"property","decorator":"track","loc":{"start":{"line":11,"column":4},"end":{"line":11,"column":33}}},{"name":"currentPage","type":"property","decorator":"track","loc":{"start":{"line":12,"column":4},"end":{"line":12,"column":27}}},{"name":"pageSize","type":"property","decorator":"track","loc":{"start":{"line":13,"column":4},"end":{"line":13,"column":25}}},{"name":"totalRecords","type":"property","loc":{"start":{"line":14,"column":4},"end":{"line":14,"column":21}}},{"name":"allRecords","type":"property","loc":{"start":{"line":15,"column":4},"end":{"line":15,"column":20}}},{"name":"columns","type":"property","loc":{"start":{"line":17,"column":4},"end":{"line":17,"column":22}}},{"name":"isLoading","type":"property","value":{"type":"boolean","value":true},"loc":{"start":{"line":18,"column":4},"end":{"line":18,"column":21}}},{"name":"wiredContacts","type":"method","decorator":"wire","loc":{"start":{"line":20,"column":4},"end":{"line":31,"column":5}}},{"name":"totalPages","type":"property","loc":{"start":{"line":33,"column":4},"end":{"line":35,"column":5}}},{"name":"updateDisplayedRecords","type":"method","loc":{"start":{"line":37,"column":4},"end":{"line":45,"column":5}}},{"name":"handleNext","type":"method","loc":{"start":{"line":47,"column":4},"end":{"line":52,"column":5}}},{"name":"handlePrevious","type":"method","loc":{"start":{"line":54,"column":4},"end":{"line":59,"column":5}}}],"declarationLoc":{"start":{"line":10,"column":0},"end":{"line":60,"column":1}},"doc":"","exports":[{"type":"ExportDefaultDeclaration"}]},"updatedAt":"2025-03-25T07:05:42.560Z"},{"_allAttributes":null,"_properties":null,"_methods":null,"file":"c:/Users/mohit.kapoor/Documents/pract25/pract25/force-app/main/default/lwc/datatablePagination1/datatablePagination1.js","metadata":{"decorators":[{"type":"wire","targets":[{"type":"method","name":"wiredContacts","static":{},"params":{},"adapter":{"name":"getContacts","reference":"@salesforce/apex/ContactDataController.getContacts"}}]},{"type":"track","targets":[{"name":"displayedRecords","type":"property"},{"name":"currentPage","type":"property"},{"name":"pageSize","type":"property"}]}],"classMembers":[{"name":"displayedRecords","type":"property","decorator":"track","loc":{"start":{"line":11,"column":4},"end":{"line":11,"column":33}}},{"name":"currentPage","type":"property","decorator":"track","loc":{"start":{"line":12,"column":4},"end":{"line":12,"column":27}}},{"name":"pageSize","type":"property","decorator":"track","loc":{"start":{"line":13,"column":4},"end":{"line":13,"column":25}}},{"name":"totalRecords","type":"property","loc":{"start":{"line":14,"column":4},"end":{"line":14,"column":21}}},{"name":"allRecords","type":"property","loc":{"start":{"line":15,"column":4},"end":{"line":15,"column":20}}},{"name":"columns","type":"property","loc":{"start":{"line":17,"column":4},"end":{"line":17,"column":22}}},{"name":"isLoading","type":"property","value":{"type":"boolean","value":true},"loc":{"start":{"line":18,"column":4},"end":{"line":18,"column":21}}},{"name":"wiredContacts","type":"method","decorator":"wire","loc":{"start":{"line":21,"column":4},"end":{"line":32,"column":5}}},{"name":"totalPages","type":"property","loc":{"start":{"line":35,"column":4},"end":{"line":37,"column":5}}},{"name":"rowNumberOffset","type":"property","loc":{"start":{"line":40,"column":4},"end":{"line":42,"column":5}}},{"name":"updateDisplayedRecords","type":"method","loc":{"start":{"line":45,"column":4},"end":{"line":48,"column":5}}},{"name":"handleNext","type":"method","loc":{"start":{"line":51,"column":4},"end":{"line":56,"column":5}}},{"name":"handlePrevious","type":"method","loc":{"start":{"line":59,"column":4},"end":{"line":64,"column":5}}}],"declarationLoc":{"start":{"line":10,"column":0},"end":{"line":65,"column":1}},"doc":"","exports":[{"type":"ExportDefaultDeclaration"}]},"updatedAt":"2025-03-25T07:29:30.782Z"},{"_allAttributes":null,"_properties":null,"_methods":null,"file":"c:/Users/mohit.kapoor/Documents/pract25/pract25/force-app/main/default/lwc/displayAccWithOpp/displayAccWithOpp.js","metadata":{"decorators":[{"type":"wire","targets":[{"name":"accounts","type":"property","static":{},"params":{},"adapter":{"name":"getAccountWithOpp","reference":"@salesforce/apex/AccountWithOppController.getAccountWithOpp"}}]}],"classMembers":[{"name":"columns","type":"property","loc":{"start":{"line":11,"column":1},"end":{"line":39,"column":6}}},{"name":"accounts","type":"property","decorator":"wire","loc":{"start":{"line":41,"column":0},"end":{"line":42,"column":9}}},{"name":"isRecordAvailable","type":"property","loc":{"start":{"line":44,"column":0},"end":{"line":46,"column":1}}},{"name":"handleRowAction","type":"method","loc":{"start":{"line":48,"column":0},"end":{"line":59,"column":1}}},{"name":"createContact","type":"method","loc":{"start":{"line":61,"column":0},"end":{"line":75,"column":1}}},{"name":"deleteAccount","type":"method","loc":{"start":{"line":77,"column":0},"end":{"line":87,"column":1}}},{"name":"showMessage","type":"method","loc":{"start":{"line":89,"column":0},"end":{"line":96,"column":1}}}],"declarationLoc":{"start":{"line":9,"column":0},"end":{"line":98,"column":1}},"doc":"","exports":[{"type":"ExportDefaultDeclaration"}]},"updatedAt":"2025-03-24T18:16:16.919Z"},{"_allAttributes":null,"_properties":null,"_methods":null,"file":"c:/Users/mohit.kapoor/Documents/pract25/pract25/force-app/main/default/lwc/multiSelectPickList/multiSelectPickList.js","metadata":{"decorators":[{"type":"api","targets":[{"name":"options","type":"property","value":{"type":"unresolved"}},{"name":"selectedValue","type":"property","value":{"type":"unresolved"}},{"name":"selectedValues","type":"property","value":{"type":"array","value":[]}},{"name":"label","type":"property","value":{"type":"unresolved"}},{"name":"disabled","type":"property","value":{"type":"boolean","value":false}},{"name":"multiSelect","type":"property","value":{"type":"boolean","value":false}},{"type":"method","name":"clearAll"}]},{"type":"track","targets":[{"name":"value","type":"property"},{"name":"values","type":"property"},{"name":"optionData","type":"property"},{"name":"searchString","type":"property"},{"name":"noResultMessage","type":"property"},{"name":"showDropdown","type":"property"}]}],"classMembers":[{"name":"options","type":"property","value":{"type":"unresolved"},"decorator":"api","loc":{"start":{"line":5,"column":4},"end":{"line":5,"column":17}}},{"name":"selectedValue","type":"property","value":{"type":"unresolved"},"decorator":"api","loc":{"start":{"line":6,"column":4},"end":{"line":6,"column":23}}},{"name":"selectedValues","type":"property","value":{"type":"array","value":[]},"decorator":"api","loc":{"start":{"line":7,"column":4},"end":{"line":7,"column":29}}},{"name":"label","type":"property","value":{"type":"unresolved"},"decorator":"api","loc":{"start":{"line":8,"column":4},"end":{"line":8,"column":15}}},{"name":"disabled","type":"property","value":{"type":"boolean","value":false},"decorator":"api","loc":{"start":{"line":9,"column":4},"end":{"line":9,"column":26}}},{"name":"multiSelect","type":"property","value":{"type":"boolean","value":false},"decorator":"api","loc":{"start":{"line":10,"column":4},"end":{"line":10,"column":29}}},{"name":"value","type":"property","decorator":"track","loc":{"start":{"line":11,"column":4},"end":{"line":11,"column":17}}},{"name":"values","type":"property","decorator":"track","loc":{"start":{"line":12,"column":4},"end":{"line":12,"column":23}}},{"name":"optionData","type":"property","decorator":"track","loc":{"start":{"line":13,"column":4},"end":{"line":13,"column":22}}},{"name":"searchString","type":"property","decorator":"track","loc":{"start":{"line":14,"column":4},"end":{"line":14,"column":24}}},{"name":"noResultMessage","type":"property","decorator":"track","loc":{"start":{"line":15,"column":4},"end":{"line":15,"column":27}}},{"name":"showDropdown","type":"property","value":{"type":"boolean","value":false},"decorator":"track","loc":{"start":{"line":16,"column":4},"end":{"line":16,"column":32}}},{"name":"connectedCallback","type":"method","loc":{"start":{"line":18,"column":4},"end":{"line":46,"column":5}}},{"name":"filterOptions","type":"method","loc":{"start":{"line":48,"column":4},"end":{"line":70,"column":5}}},{"name":"selectItem","type":"method","loc":{"start":{"line":72,"column":4},"end":{"line":111,"column":5}}},{"name":"showOptions","type":"method","loc":{"start":{"line":113,"column":4},"end":{"line":126,"column":5}}},{"name":"clearAll","type":"method","decorator":"api","loc":{"start":{"line":127,"column":4},"end":{"line":138,"column":5}}},{"name":"closePill","type":"method","loc":{"start":{"line":140,"column":4},"end":{"line":160,"column":5}}},{"name":"handleBlur","type":"method","loc":{"start":{"line":162,"column":4},"end":{"line":179,"column":5}}},{"name":"handleMouseOut","type":"method","loc":{"start":{"line":180,"column":4},"end":{"line":182,"column":5}}},{"name":"handleMouseIn","type":"method","loc":{"start":{"line":183,"column":4},"end":{"line":185,"column":5}}}],"declarationLoc":{"start":{"line":3,"column":0},"end":{"line":186,"column":1}},"doc":"","exports":[{"type":"ExportDefaultDeclaration"}]},"updatedAt":"2025-03-25T13:55:29.858Z"},{"_allAttributes":null,"_properties":null,"_methods":null,"file":"c:/Users/mohit.kapoor/Documents/pract25/pract25/force-app/main/default/lwc/multiSelectPickListParent/multiSelectPickListParent.js","metadata":{"decorators":[{"type":"wire","targets":[{"name":"objectInfo","type":"property","static":{"objectApiName":{"type":"unresolved"}},"params":{},"adapter":{"name":"getObjectInfo","reference":"lightning/uiObjectInfoApi"}},{"type":"method","name":"wirePickList","static":{"fieldApiName":{"type":"unresolved"}},"params":{"recordTypeId":"objectInfo.data.defaultRecordTypeId"},"adapter":{"name":"getPicklistValues","reference":"lightning/uiObjectInfoApi"}}]},{"type":"track","targets":[{"name":"selectedValue","type":"property"},{"name":"selectedValueList","type":"property"},{"name":"options","type":"property"}]}],"classMembers":[{"name":"selectedValue","type":"property","decorator":"track","loc":{"start":{"line":13,"column":4},"end":{"line":13,"column":47}}},{"name":"selectedValueList","type":"property","decorator":"track","loc":{"start":{"line":14,"column":4},"end":{"line":14,"column":53}}},{"name":"options","type":"property","decorator":"track","loc":{"start":{"line":15,"column":4},"end":{"line":15,"column":19}}},{"name":"objectInfo","type":"property","decorator":"wire","loc":{"start":{"line":16,"column":4},"end":{"line":17,"column":15}}},{"name":"wirePickList","type":"method","decorator":"wire","loc":{"start":{"line":20,"column":4},"end":{"line":30,"column":5}}},{"name":"handleSelectOption","type":"method","loc":{"start":{"line":33,"column":4},"end":{"line":36,"column":5}}},{"name":"handleSelectOptionList","type":"method","loc":{"start":{"line":39,"column":4},"end":{"line":43,"column":5}}}],"declarationLoc":{"start":{"line":12,"column":0},"end":{"line":44,"column":1}},"doc":"","exports":[{"type":"ExportDefaultDeclaration"}]},"updatedAt":"2025-03-25T13:57:48.668Z"},{"_allAttributes":null,"_properties":null,"_methods":null,"file":"c:/Users/mohit.kapoor/Documents/pract25/pract25/force-app/main/default/lwc/parentCsvUploader/parentCsvUploader.js","metadata":{"decorators":[],"classMembers":[{"name":"objectName","type":"property","value":{"type":"string","value":"Custom_Data_Sources__c"},"loc":{"start":{"line":3,"column":4},"end":{"line":3,"column":42}}},{"name":"connectedCallback","type":"method","loc":{"start":{"line":4,"column":4},"end":{"line":6,"column":5}}}],"declarationLoc":{"start":{"line":2,"column":0},"end":{"line":7,"column":1}},"doc":"","exports":[{"type":"ExportDefaultDeclaration"}]},"updatedAt":"2025-04-06T18:07:48.530Z"},{"_allAttributes":null,"_properties":null,"_methods":null,"file":"c:/Users/mohit.kapoor/Documents/pract25/pract25/force-app/main/default/lwc/sfMapsCsvUploader/sfMapsCsvUploader.js","metadata":{"decorators":[],"classMembers":[],"declarationLoc":{"start":{"line":17,"column":0},"end":{"line":349,"column":1}},"doc":"","exports":[{"type":"ExportDefaultDeclaration"}]},"updatedAt":"2025-04-06T17:46:24.751Z"},{"_allAttributes":null,"_properties":null,"_methods":null,"file":"c:/Users/mohit.kapoor/Documents/pract25/pract25/force-app/main/default/lwc/displayRelatedRecordsforAcc/displayRelatedRecordsforAcc.js","metadata":{"decorators":[{"type":"wire","targets":[{"name":"accounts","type":"property","static":{},"params":{},"adapter":{"name":"getAccounts","reference":"@salesforce/apex/AccountWithRelatedCaseorOpp.getAccounts"}}]}],"classMembers":[{"name":"cases","type":"property","loc":{"start":{"line":6,"column":4},"end":{"line":6,"column":13}}},{"name":"opportunities","type":"property","loc":{"start":{"line":7,"column":4},"end":{"line":7,"column":21}}},{"name":"showCases","type":"property","value":{"type":"boolean","value":false},"loc":{"start":{"line":8,"column":4},"end":{"line":8,"column":20}}},{"name":"showOpp","type":"property","value":{"type":"boolean","value":false},"loc":{"start":{"line":9,"column":4},"end":{"line":9,"column":18}}},{"name":"accounts","type":"property","decorator":"wire","loc":{"start":{"line":12,"column":4},"end":{"line":13,"column":13}}},{"name":"columns","type":"property","loc":{"start":{"line":15,"column":4},"end":{"line":29,"column":5}}},{"name":"oppcolumns","type":"property","loc":{"start":{"line":31,"column":4},"end":{"line":54,"column":5}}},{"name":"casecolumns","type":"property","loc":{"start":{"line":56,"column":4},"end":{"line":79,"column":5}}},{"name":"getRelatedData","type":"method","loc":{"start":{"line":83,"column":4},"end":{"line":89,"column":5}}},{"name":"getCasesAndOpp","type":"method","loc":{"start":{"line":138,"column":0},"end":{"line":181,"column":1}}}],"declarationLoc":{"start":{"line":4,"column":0},"end":{"line":184,"column":1}},"doc":"","exports":[{"type":"ExportDefaultDeclaration"}]},"updatedAt":"2025-04-13T20:48:53.832Z"},{"_allAttributes":null,"_properties":null,"_methods":null,"file":"c:/Users/mohit.kapoor/Documents/pract25/pract25/force-app/main/default/lwc/displayAccountWithOpp/displayAccountWithOpp.js","metadata":{"decorators":[{"type":"wire","targets":[{"name":"accountDetails","type":"property","static":{},"params":{},"adapter":{"name":"getAccountsDetails","reference":"@salesforce/apex/AccountDetailsController.getAccountDetails"}},{"name":"messageContext","type":"property","static":{},"params":{},"adapter":{"name":"MessageContext","reference":"lightning/messageService"}}]}],"classMembers":[{"name":"accountDetails","type":"property","decorator":"wire","loc":{"start":{"line":7,"column":4},"end":{"line":8,"column":19}}},{"name":"messageContext","type":"property","decorator":"wire","loc":{"start":{"line":10,"column":4},"end":{"line":11,"column":19}}},{"name":"columns","type":"property","loc":{"start":{"line":13,"column":4},"end":{"line":32,"column":5}}},{"name":"handleSelection","type":"method","loc":{"start":{"line":34,"column":4},"end":{"line":46,"column":5}}}],"declarationLoc":{"start":{"line":5,"column":0},"end":{"line":47,"column":1}},"doc":"","exports":[{"type":"ExportDefaultDeclaration"}]},"updatedAt":"2025-04-15T17:28:21.710Z"},{"_allAttributes":null,"_properties":null,"_methods":null,"file":"c:/Users/mohit.kapoor/Documents/pract25/pract25/force-app/main/default/lwc/subscribeAccountDetails/subscribeAccountDetails.js","metadata":{"decorators":[{"type":"wire","targets":[{"name":"messageContext","type":"property","static":{},"params":{},"adapter":{"name":"MessageContext","reference":"lightning/messageService"}}]}],"classMembers":[{"name":"recordId","type":"property","value":{"type":"null","value":null},"loc":{"start":{"line":6,"column":4},"end":{"line":6,"column":20}}},{"name":"messageContext","type":"property","decorator":"wire","loc":{"start":{"line":8,"column":4},"end":{"line":9,"column":19}}},{"name":"subscription","type":"property","value":{"type":"null","value":null},"loc":{"start":{"line":11,"column":4},"end":{"line":11,"column":24}}},{"name":"connectedCallback","type":"method","loc":{"start":{"line":12,"column":4},"end":{"line":14,"column":5}}},{"name":"subscribeToMessageChannel","type":"method","loc":{"start":{"line":15,"column":4},"end":{"line":20,"column":5}}},{"name":"recievedata","type":"method","loc":{"start":{"line":21,"column":4},"end":{"line":25,"column":5}}},{"name":"disconnectedCallback","type":"method","loc":{"start":{"line":27,"column":4},"end":{"line":30,"column":5}}}],"declarationLoc":{"start":{"line":4,"column":0},"end":{"line":31,"column":1}},"doc":"","exports":[{"type":"ExportDefaultDeclaration"}]},"updatedAt":"2025-04-15T17:39:58.158Z"},{"_allAttributes":null,"_properties":null,"_methods":null,"file":"c:/Users/mohit.kapoor/Documents/pract25/pract25/force-app/main/default/lwc/displayrecordpickerAccount/displayrecordpickerAccount.js","metadata":{"decorators":[],"classMembers":[{"name":"accountId","type":"property","loc":{"start":{"line":4,"column":4},"end":{"line":4,"column":14}}},{"name":"changeHandler","type":"method","loc":{"start":{"line":5,"column":4},"end":{"line":8,"column":5}}}],"declarationLoc":{"start":{"line":3,"column":0},"end":{"line":9,"column":1}},"doc":"","exports":[{"type":"ExportDefaultDeclaration"}]},"updatedAt":"2025-04-20T18:19:05.342Z"},{"_allAttributes":null,"_properties":null,"_methods":null,"file":"c:/Users/mohit.kapoor/Documents/pract25/pract25/force-app/main/default/lwc/accountwithRealtedCntact/accountwithRealtedCntact.js","metadata":{"decorators":[{"type":"wire","targets":[{"type":"method","name":"getAccountResult","static":{},"params":{},"adapter":{"name":"getAccounts","reference":"@salesforce/apex/AccountRelatedContactController.getAccounts"}},{"name":"contacts","type":"property","static":{},"params":{"selectedAccId":"selectedAccount"},"adapter":{"name":"getRelatedContacts","reference":"@salesforce/apex/AccountRelatedContactController.getRelatedContacts"}}]}],"classMembers":[{"name":"accountOption","type":"property","loc":{"start":{"line":14,"column":4},"end":{"line":14,"column":21}}},{"name":"selectedAccount","type":"property","loc":{"start":{"line":15,"column":4},"end":{"line":15,"column":20}}},{"name":"displayModal","type":"property","value":{"type":"boolean","value":false},"loc":{"start":{"line":16,"column":4},"end":{"line":16,"column":23}}},{"name":"conRecordId","type":"property","loc":{"start":{"line":17,"column":4},"end":{"line":17,"column":16}}},{"name":"getAccountResult","type":"method","decorator":"wire","loc":{"start":{"line":18,"column":4},"end":{"line":30,"column":5}}},{"name":"columns","type":"property","loc":{"start":{"line":32,"column":4},"end":{"line":39,"column":5}}},{"name":"changeHandler","type":"method","loc":{"start":{"line":43,"column":4},"end":{"line":47,"column":5}}},{"name":"contacts","type":"property","decorator":"wire","loc":{"start":{"line":48,"column":4},"end":{"line":49,"column":13}}},{"name":"isData","type":"property","loc":{"start":{"line":51,"column":4},"end":{"line":53,"column":5}}},{"name":"rowActionHandler","type":"method","loc":{"start":{"line":55,"column":4},"end":{"line":70,"column":5}}},{"name":"editContact","type":"method","loc":{"start":{"line":72,"column":4},"end":{"line":75,"column":5}}},{"name":"deleteContact","type":"method","loc":{"start":{"line":76,"column":4},"end":{"line":86,"column":5}}},{"name":"closeModal","type":"method","loc":{"start":{"line":87,"column":4},"end":{"line":92,"column":5}}},{"name":"showMessage","type":"method","loc":{"start":{"line":94,"column":4},"end":{"line":100,"column":5}}}],"declarationLoc":{"start":{"line":12,"column":0},"end":{"line":101,"column":1}},"doc":"","exports":[{"type":"ExportDefaultDeclaration"}]},"updatedAt":"2025-04-29T15:42:08.453Z"},{"_allAttributes":null,"_properties":null,"_methods":null,"file":"c:/Users/mohit.kapoor/Documents/pract25/pract25/force-app/main/default/lwc/editContactRecord/editContactRecord.js","metadata":{"decorators":[{"type":"api","targets":[{"name":"conRecordId","type":"property","value":{"type":"unresolved"}}]}],"classMembers":[{"name":"conRecordId","type":"property","value":{"type":"unresolved"},"decorator":"api","loc":{"start":{"line":5,"column":4},"end":{"line":5,"column":21}}},{"name":"closeModel","type":"method","loc":{"start":{"line":6,"column":4},"end":{"line":8,"column":5}}},{"name":"handleSuccess","type":"method","loc":{"start":{"line":10,"column":4},"end":{"line":12,"column":5}}}],"declarationLoc":{"start":{"line":3,"column":0},"end":{"line":13,"column":1}},"doc":"","exports":[{"type":"ExportDefaultDeclaration"}]},"updatedAt":"2025-04-29T15:17:53.283Z"}]