<?xml version="1.0" encoding="UTF-8"?>
<LightningMessageChannel xmlns="http://soap.sforce.com/2006/04/metadata">
    <masterLabel>SampleMessageChannel</masterLabel>
    <isExposed>true</isExposed>
    <description>This is a sample Lightning Message Channel.</description>
    <lightningMessageFields>
        <fieldName>firstName</fieldName>
        <description>This is the firstName</description>
    </lightningMessageFields>
    <lightningMessageFields>
        <fieldName>lastName</fieldName>
        <description>The is the lastName</description>
    </lightningMessageFields>
</LightningMessageChannel>