<?xml version="1.0" encoding="UTF-8"?>
<ApexPage xmlns="http://soap.sforce.com/2006/04/metadata">
    <apiVersion>19.0</apiVersion>
    <availableInTouch>false</availableInTouch>
    <confirmationTokenRequired>false</confirmationTokenRequired>
    <description>requires a Product Definition Id in the query string, then
lets the user pick a template of pre-canned attributes to add to their
current Product Definition.</description>
    <label>Select Attributes From Template</label>
</ApexPage>
