<?xml version="1.0" encoding="UTF-8"?>
<ApexPage xmlns="http://soap.sforce.com/2006/04/metadata">
    <apiVersion>31.0</apiVersion>
    <availableInTouch>false</availableInTouch>
    <confirmationTokenRequired>false</confirmationTokenRequired>
    <label>ChangeBundleGenProgressBar</label>
    <packageVersions>
        <majorNumber>1</majorNumber>
        <minorNumber>102</minorNumber>
        <namespace>CSPOFA</namespace>
    </packageVersions>
    <packageVersions>
        <majorNumber>1</majorNumber>
        <minorNumber>271</minorNumber>
        <namespace>cscfga</namespace>
    </packageVersions>
    <packageVersions>
        <majorNumber>1</majorNumber>
        <minorNumber>6</minorNumber>
        <namespace>csord</namespace>
    </packageVersions>
    <packageVersions>
        <majorNumber>1</majorNumber>
        <minorNumber>3</minorNumber>
        <namespace>csordcb</namespace>
    </packageVersions>
</ApexPage>
