<?xml version="1.0" encoding="UTF-8"?>
<ApexPage xmlns="http://soap.sforce.com/2006/04/metadata">
    <apiVersion>37.0</apiVersion>
    <availableInTouch>false</availableInTouch>
    <confirmationTokenRequired>false</confirmationTokenRequired>
    <description>Allows inline editing of Account detail pages when EDQ has been enabled.</description>
    <label>EDQAccountView</label>
    <packageVersions>
        <majorNumber>6</majorNumber>
        <minorNumber>8</minorNumber>
        <namespace>EDQ</namespace>
    </packageVersions>
</ApexPage>
