<?xml version="1.0" encoding="UTF-8"?>
<ApexPage xmlns="http://soap.sforce.com/2006/04/metadata">
    <apiVersion>56.0</apiVersion>
    <availableInTouch>false</availableInTouch>
    <confirmationTokenRequired>false</confirmationTokenRequired>
    <label>IRUserDetailsUpdate</label>
    <packageVersions>
        <majorNumber>6</majorNumber>
        <minorNumber>8</minorNumber>
        <namespace>EDQ</namespace>
    </packageVersions>
    <packageVersions>
        <majorNumber>1</majorNumber>
        <minorNumber>18</minorNumber>
        <namespace>csord</namespace>
    </packageVersions>
</ApexPage>
