<?xml version="1.0" encoding="UTF-8"?>
<ApexPage xmlns="http://soap.sforce.com/2006/04/metadata">
    <apiVersion>36.0</apiVersion>
    <availableInTouch>false</availableInTouch>
    <confirmationTokenRequired>false</confirmationTokenRequired>
    <label>LicensingComUserOrgRoleUpdate</label>
    <packageVersions>
        <majorNumber>6</majorNumber>
        <minorNumber>9</minorNumber>
        <namespace>EDQ</namespace>
    </packageVersions>
    <packageVersions>
        <majorNumber>36</majorNumber>
        <minorNumber>0</minorNumber>
        <namespace>csord</namespace>
    </packageVersions>
</ApexPage>
