<?xml version="1.0" encoding="UTF-8"?>
<ApexPage xmlns="http://soap.sforce.com/2006/04/metadata">
    <apiVersion>28.0</apiVersion>
    <availableInTouch>false</availableInTouch>
    <confirmationTokenRequired>false</confirmationTokenRequired>
    <label>LicenceConfigPage</label>
    <packageVersions>
        <majorNumber>36</majorNumber>
        <minorNumber>2</minorNumber>
        <namespace>cscfga</namespace>
    </packageVersions>
    <packageVersions>
        <majorNumber>36</majorNumber>
        <minorNumber>3</minorNumber>
        <namespace>csutil</namespace>
    </packageVersions>
</ApexPage>
