<?xml version="1.0" encoding="UTF-8"?>
<ApexPage xmlns="http://soap.sforce.com/2006/04/metadata">
    <apiVersion>46.0</apiVersion>
    <availableInTouch>true</availableInTouch>
    <confirmationTokenRequired>false</confirmationTokenRequired>
    <description>This page is using to open create new organisation object from account related list.</description>
    <label>NewOrgRoleLicensee</label>
    <packageVersions>
        <majorNumber>5</majorNumber>
        <minorNumber>98</minorNumber>
        <namespace>EDQ</namespace>
    </packageVersions>
</ApexPage>
