<?xml version="1.0" encoding="UTF-8"?>
<ApexPage xmlns="http://soap.sforce.com/2006/04/metadata">
    <apiVersion>36.0</apiVersion>
    <availableInTouch>true</availableInTouch>
    <confirmationTokenRequired>false</confirmationTokenRequired>
    <description>EDQ Experan Override Page to allow Address Lookup Functionality</description>
    <label>OrganisationRoleDynamicPage</label>
    <packageVersions>
        <majorNumber>6</majorNumber>
        <minorNumber>8</minorNumber>
        <namespace>EDQ</namespace>
    </packageVersions>
</ApexPage>
