[{"_allAttributes":null,"_properties":null,"_methods":null,"file":"d:/LightningBadgeComponent/force-app/main/default/lwc/boatAddReviewForm/boatAddReviewForm.js","metadata":{"decorators":[{"type":"api","targets":[{"type":"property","name":"recordId"}]}],"declarationLoc":{"start":{"line":12,"column":0},"end":{"line":72,"column":1}},"classMembers":[{"type":"property","name":"boatId","loc":{"start":{"line":14,"column":4},"end":{"line":14,"column":11}}},{"type":"property","name":"rating","loc":{"start":{"line":15,"column":4},"end":{"line":15,"column":11}}},{"type":"property","name":"boatReviewObject","loc":{"start":{"line":16,"column":4},"end":{"line":16,"column":42}}},{"type":"property","name":"nameField","loc":{"start":{"line":17,"column":4},"end":{"line":17,"column":34}}},{"type":"property","name":"commentField","loc":{"start":{"line":18,"column":4},"end":{"line":18,"column":37}}},{"type":"property","name":"labelSubject","loc":{"start":{"line":19,"column":4},"end":{"line":19,"column":36}}},{"type":"property","name":"labelRating","loc":{"start":{"line":20,"column":4},"end":{"line":20,"column":28}}},{"type":"property","name":"recordId","loc":{"start":{"line":23,"column":4},"end":{"line":26,"column":5}},"decorator":"api"},{"type":"method","name":"handleRatingChanged","loc":{"start":{"line":35,"column":4},"end":{"line":37,"column":5}}},{"type":"method","name":"handleSubmit","loc":{"start":{"line":42,"column":4},"end":{"line":48,"column":5}}},{"type":"method","name":"handleSuccess","loc":{"start":{"line":52,"column":4},"end":{"line":62,"column":5}}},{"type":"method","name":"handleReset","loc":{"start":{"line":66,"column":4},"end":{"line":71,"column":5}}}],"exports":[{"type":"ExportDefaultDeclaration"}]},"updatedAt":"2023-07-10T05:51:05.927Z"},{"_allAttributes":null,"_properties":null,"_methods":null,"file":"d:/LightningBadgeComponent/force-app/main/default/lwc/boatDetailTabs/boatDetailTabs.js","metadata":{"decorators":[{"type":"wire","targets":[{"name":"messageContext","adapter":{"name":"MessageContext","reference":"lightning/messageService"},"type":"property"},{"name":"wiredRecord","adapter":{"name":"getRecord","reference":"lightning/uiRecordApi"},"type":"property","static":{"fields":{"type":"unresolved","value":"identifier"}},"params":{"recordId":"boatId"}}]}],"exports":[{"type":"ExportDefaultDeclaration"}]},"updatedAt":"2023-07-10T06:02:06.830Z"},{"_allAttributes":null,"_properties":null,"_methods":null,"file":"d:/LightningBadgeComponent/force-app/main/default/lwc/boatMap/boatMap.js","metadata":{"decorators":[{"type":"api","targets":[{"type":"property","name":"recordId"}]},{"type":"wire","targets":[{"name":"messageContext","adapter":{"name":"MessageContext","reference":"lightning/messageService"},"type":"property"},{"name":"wiredRecord","adapter":{"name":"getRecord","reference":"lightning/uiRecordApi"},"type":"method","static":{"fields":{"type":"unresolved","value":"identifier"}},"params":{"recordId":"boatId"}}]}],"declarationLoc":{"start":{"line":14,"column":0},"end":{"line":84,"column":1}},"classMembers":[{"type":"property","name":"subscription","loc":{"start":{"line":16,"column":2},"end":{"line":16,"column":22}}},{"type":"property","name":"boatId","loc":{"start":{"line":17,"column":2},"end":{"line":17,"column":9}}},{"type":"property","name":"recordId","loc":{"start":{"line":21,"column":2},"end":{"line":24,"column":3}},"decorator":"api"},{"type":"property","name":"error","loc":{"start":{"line":30,"column":2},"end":{"line":30,"column":20}}},{"type":"property","name":"mapMarkers","loc":{"start":{"line":31,"column":2},"end":{"line":31,"column":18}}},{"type":"property","name":"messageContext","loc":{"start":{"line":34,"column":2},"end":{"line":35,"column":17}},"decorator":"wire"},{"type":"method","name":"wiredRecord","loc":{"start":{"line":39,"column":2},"end":{"line":52,"column":3}},"decorator":"wire"},{"type":"method","name":"subscribeMC","loc":{"start":{"line":55,"column":2},"end":{"line":68,"column":3}}},{"type":"method","name":"connectedCallback","loc":{"start":{"line":71,"column":2},"end":{"line":73,"column":3}}},{"type":"method","name":"updateMap","loc":{"start":{"line":76,"column":2},"end":{"line":78,"column":3}}},{"type":"property","name":"showMap","loc":{"start":{"line":81,"column":2},"end":{"line":83,"column":3}}}],"exports":[{"type":"ExportDefaultDeclaration"}]},"updatedAt":"2023-07-10T05:24:03.543Z"},{"_allAttributes":null,"_properties":null,"_methods":null,"file":"d:/LightningBadgeComponent/force-app/main/default/lwc/boatReviews/boatReviews.js","metadata":{"decorators":[{"type":"api","targets":[{"type":"property","name":"recordId"},{"type":"method","name":"refresh"}]}],"exports":[{"type":"ExportDefaultDeclaration"}]},"updatedAt":"2023-07-10T05:59:39.487Z"},{"_allAttributes":null,"_properties":null,"_methods":null,"file":"d:/LightningBadgeComponent/force-app/main/default/lwc/boatSearch/boatSearch.js","metadata":{"decorators":[],"exports":[{"type":"ExportDefaultDeclaration"}]},"updatedAt":"2023-07-10T05:38:18.039Z"},{"_allAttributes":null,"_properties":null,"_methods":null,"file":"d:/LightningBadgeComponent/force-app/main/default/lwc/boatSearchForm/boatSearchForm.js","metadata":{"decorators":[{"type":"wire","targets":[{"name":"boatTypes","adapter":{"name":"getBoatTypes","reference":"@salesforce/apex/BoatDataService.getBoatTypes"},"type":"method"}]},{"type":"track","targets":[{"name":"searchOptions","type":"property"}]}],"declarationLoc":{"start":{"line":4,"column":0},"end":{"line":43,"column":1}},"classMembers":[{"type":"property","name":"selectedBoatTypeId","loc":{"start":{"line":6,"column":4},"end":{"line":6,"column":28}}},{"type":"property","name":"error","loc":{"start":{"line":9,"column":4},"end":{"line":9,"column":22}}},{"type":"property","name":"searchOptions","loc":{"start":{"line":12,"column":4},"end":{"line":13,"column":18}},"decorator":"track"},{"type":"method","name":"boatTypes","loc":{"start":{"line":16,"column":4},"end":{"line":29,"column":5}},"decorator":"wire"},{"type":"method","name":"handleSearchOptionChange","loc":{"start":{"line":33,"column":4},"end":{"line":42,"column":5}}}],"exports":[{"type":"ExportDefaultDeclaration"}]},"updatedAt":"2023-07-10T04:55:29.259Z"},{"_allAttributes":null,"_properties":null,"_methods":null,"file":"d:/LightningBadgeComponent/force-app/main/default/lwc/boatSearchResults/boatSearchResults.js","metadata":{"decorators":[{"type":"api","targets":[{"type":"property","name":"selectedBoatId","value":{"type":"unresolved"}},{"type":"method","name":"searchBoats"},{"type":"method","name":"refresh"}]},{"type":"wire","targets":[{"name":"messageContext","adapter":{"name":"MessageContext","reference":"lightning/messageService"},"type":"property"},{"name":"wiredBoats","adapter":{"name":"getBoats","reference":"@salesforce/apex/BoatDataService.getBoats"},"type":"method","static":{},"params":{"boatTypeId":"boatTypeId"}}]},{"type":"track","targets":[{"name":"boats","type":"property"},{"name":"draftValues","type":"property"}]}],"declarationLoc":{"start":{"line":16,"column":0},"end":{"line":120,"column":1}},"classMembers":[{"type":"property","name":"selectedBoatId","loc":{"start":{"line":17,"column":4},"end":{"line":18,"column":19}},"decorator":"api","value":{"type":"unresolved"}},{"type":"property","name":"columns","loc":{"start":{"line":19,"column":4},"end":{"line":24,"column":6}}},{"type":"property","name":"boatTypeId","loc":{"start":{"line":25,"column":4},"end":{"line":25,"column":20}}},{"type":"property","name":"boats","loc":{"start":{"line":26,"column":4},"end":{"line":27,"column":10}},"decorator":"track"},{"type":"property","name":"isLoading","loc":{"start":{"line":28,"column":4},"end":{"line":28,"column":22}}},{"type":"property","name":"draftValues","loc":{"start":{"line":29,"column":4},"end":{"line":30,"column":21}},"decorator":"track"},{"type":"property","name":"messageContext","loc":{"start":{"line":33,"column":4},"end":{"line":34,"column":19}},"decorator":"wire"},{"type":"method","name":"wiredBoats","loc":{"start":{"line":37,"column":4},"end":{"line":46,"column":5}},"decorator":"wire"},{"type":"method","name":"searchBoats","loc":{"start":{"line":50,"column":4},"end":{"line":55,"column":5}},"decorator":"api"},{"type":"method","name":"refresh","loc":{"start":{"line":59,"column":4},"end":{"line":66,"column":5}},"decorator":"api"},{"type":"method","name":"updateSelectedTile","loc":{"start":{"line":69,"column":4},"end":{"line":72,"column":5}}},{"type":"method","name":"sendMessageService","loc":{"start":{"line":75,"column":4},"end":{"line":78,"column":5}}},{"type":"method","name":"handleSave","loc":{"start":{"line":85,"column":4},"end":{"line":111,"column":5}}},{"type":"method","name":"notifyLoading","loc":{"start":{"line":113,"column":4},"end":{"line":119,"column":5}}}],"exports":[{"type":"ExportDefaultDeclaration"}]},"updatedAt":"2023-07-10T05:36:52.445Z"},{"_allAttributes":null,"_properties":null,"_methods":null,"file":"d:/LightningBadgeComponent/force-app/main/default/lwc/boatsNearMe/boatsNearMe.js","metadata":{"decorators":[{"type":"api","targets":[{"type":"property","name":"boatTypeId","value":{"type":"unresolved"}}]},{"type":"wire","targets":[{"name":"wiredBoatsJSON","adapter":{"name":"getBoatsByLocation","reference":"@salesforce/apex/BoatDataService.getBoatsByLocation"},"type":"method","static":{},"params":{"latitude":"latitude","longitude":"longitude","boatTypeId":"boatTypeId"}}]}],"declarationLoc":{"start":{"line":10,"column":0},"end":{"line":80,"column":1}},"classMembers":[{"type":"property","name":"boatTypeId","loc":{"start":{"line":12,"column":4},"end":{"line":13,"column":15}},"decorator":"api","value":{"type":"unresolved"}},{"type":"property","name":"mapMarkers","loc":{"start":{"line":14,"column":4},"end":{"line":14,"column":20}}},{"type":"property","name":"isLoading","loc":{"start":{"line":15,"column":4},"end":{"line":15,"column":21}}},{"type":"property","name":"isRendered","loc":{"start":{"line":16,"column":4},"end":{"line":16,"column":15}}},{"type":"property","name":"latitude","loc":{"start":{"line":17,"column":4},"end":{"line":17,"column":13}}},{"type":"property","name":"longitude","loc":{"start":{"line":18,"column":4},"end":{"line":18,"column":14}}},{"type":"method","name":"wiredBoatsJSON","loc":{"start":{"line":23,"column":4},"end":{"line":36,"column":5}},"decorator":"wire"},{"type":"method","name":"renderedCallback","loc":{"start":{"line":40,"column":4},"end":{"line":45,"column":5}}},{"type":"method","name":"getLocationFromBrowser","loc":{"start":{"line":49,"column":4},"end":{"line":56,"column":5}}},{"type":"method","name":"createMapMarkers","loc":{"start":{"line":59,"column":4},"end":{"line":79,"column":5}}}],"exports":[{"type":"ExportDefaultDeclaration"}]},"updatedAt":"2023-07-10T05:32:23.311Z"},{"_allAttributes":null,"_properties":null,"_methods":null,"file":"d:/LightningBadgeComponent/force-app/main/default/lwc/boatTile/boatTile.js","metadata":{"decorators":[{"type":"api","targets":[{"type":"property","name":"boat","value":{"type":"unresolved"}},{"type":"property","name":"selectedBoatId","value":{"type":"unresolved"}}]}],"declarationLoc":{"start":{"line":6,"column":0},"end":{"line":39,"column":1}},"classMembers":[{"type":"property","name":"boat","loc":{"start":{"line":8,"column":4},"end":{"line":9,"column":9}},"decorator":"api","value":{"type":"unresolved"}},{"type":"property","name":"selectedBoatId","loc":{"start":{"line":10,"column":4},"end":{"line":11,"column":19}},"decorator":"api","value":{"type":"unresolved"}},{"type":"property","name":"backgroundStyle","loc":{"start":{"line":14,"column":4},"end":{"line":16,"column":5}}},{"type":"property","name":"tileClass","loc":{"start":{"line":20,"column":4},"end":{"line":26,"column":5}}},{"type":"method","name":"selectBoat","loc":{"start":{"line":29,"column":4},"end":{"line":38,"column":5}}}],"exports":[{"type":"ExportDefaultDeclaration"}]},"updatedAt":"2023-07-10T05:00:08.030Z"},{"_allAttributes":null,"_properties":null,"_methods":null,"file":"d:/LightningBadgeComponent/force-app/main/default/lwc/fiveStarRating/fiveStarRating.js","metadata":{"decorators":[{"type":"api","targets":[{"type":"property","name":"readOnly","value":{"type":"unresolved"}},{"type":"property","name":"value","value":{"type":"unresolved"}}]}],"declarationLoc":{"start":{"line":13,"column":0},"end":{"line":84,"column":1}},"classMembers":[{"type":"property","name":"readOnly","loc":{"start":{"line":15,"column":2},"end":{"line":16,"column":11}},"decorator":"api","value":{"type":"unresolved"}},{"type":"property","name":"value","loc":{"start":{"line":17,"column":2},"end":{"line":18,"column":8}},"decorator":"api","value":{"type":"unresolved"}},{"type":"property","name":"editedValue","loc":{"start":{"line":20,"column":2},"end":{"line":20,"column":14}}},{"type":"property","name":"isRendered","loc":{"start":{"line":21,"column":2},"end":{"line":21,"column":13}}},{"type":"property","name":"starClass","loc":{"start":{"line":24,"column":2},"end":{"line":26,"column":3}}},{"type":"method","name":"renderedCallback","loc":{"start":{"line":29,"column":2},"end":{"line":35,"column":3}}},{"type":"method","name":"loadScript","loc":{"start":{"line":40,"column":2},"end":{"line":55,"column":3}}},{"type":"method","name":"initializeRating","loc":{"start":{"line":57,"column":2},"end":{"line":72,"column":3}}},{"type":"method","name":"ratingChanged","loc":{"start":{"line":76,"column":2},"end":{"line":83,"column":3}}}],"exports":[{"type":"ExportDefaultDeclaration"}]},"updatedAt":"2023-07-10T05:47:37.523Z"},{"_allAttributes":null,"_properties":null,"_methods":null,"file":"d:/LightningBadgeComponent/force-app/main/default/lwc/similarBoats/similarBoats.js","metadata":{"decorators":[{"type":"api","targets":[{"type":"property","name":"recordId"},{"type":"property","name":"similarBy","value":{"type":"unresolved"}}]},{"type":"wire","targets":[{"name":"similarBoats","adapter":{"name":"getSimilarBoats","reference":"@salesforce/apex/BoatDataService.getSimilarBoats"},"type":"method","static":{},"params":{"boatId":"boatId","similarBy":"similarBy"}}]}],"exports":[{"type":"ExportDefaultDeclaration"}]},"updatedAt":"2023-07-10T06:08:16.908Z"}]