<?xml version="1.0" encoding="UTF-8"?>
<LightningComponentBundle xmlns="http://soap.sforce.com/2006/04/metadata" fqn="testLWC1">
    <apiVersion>45.0</apiVersion>
    <isExposed>true</isExposed>
    <targets>
        <target>lightning__AppPage</target>
        <target>lightning__RecordPage</target>
        <target>lightning__HomePage</target>
        <target>lightningCommunity__Page</target>
        <target>lightningCommunity__Default</target>
    </targets> 
    <targetConfigs>
    <targetConfig targets="lightning__HomePage,lightning__RecordPage">
        <property name="height" type="Integer" default="200" min="200" max="500" label="Component height" description="Should be in pixels (px)" />
        <property name="background" type="String" default="white" label="Background"/>
        <property name="color" type="String" default="black" label="Text Color"/>
    </targetConfig>
</targetConfigs>
</LightningComponentBundle>