<?xml version="1.0" encoding="UTF-8"?>
<CustomField xmlns="http://soap.sforce.com/2006/04/metadata">
    <fullName>Total_Price__c</fullName>
    <externalId>false</externalId>
    <label>Total Price</label>
    <summarizedField>BillingLine__c.Total_Price__c</summarizedField>
    <summaryForeignKey>BillingLine__c.Billing__c</summaryForeignKey>
    <summaryOperation>sum</summaryOperation>
    <trackHistory>false</trackHistory>
    <trackTrending>false</trackTrending>
    <type>Summary</type>
</CustomField>
